time_hours,Availability_A,Reliability_R
0.0,1.0,1.0
1.0,1.0,1.0
2.0,1.0,1.0
3.0,1.0,1.0
4.0,0.9996666666666667,0.9996666666666667
5.0,0.9993333333333333,0.9993333333333333
6.0,0.9993333333333333,0.9993333333333333
7.0,0.9993333333333333,0.9993333333333333
8.0,0.9993333333333333,0.9993333333333333
9.0,0.9993333333333333,0.9993333333333333
10.0,0.9993333333333333,0.9993333333333333
11.0,0.9993333333333333,0.9993333333333333
12.0,0.9993333333333333,0.9993333333333333
13.0,0.9996666666666667,0.9993333333333333
14.0,0.9993333333333333,0.999
15.0,0.9993333333333333,0.999
16.0,0.9993333333333333,0.999
17.0,0.9993333333333333,0.999
18.0,0.9993333333333333,0.999
19.0,0.9993333333333333,0.999
20.0,0.9993333333333333,0.999
21.0,0.9993333333333333,0.999
22.0,0.9996666666666667,0.999
23.0,0.9996666666666667,0.999
24.0,0.9996666666666667,0.999
25.0,0.9996666666666667,0.999
26.0,0.9996666666666667,0.999
27.0,0.9996666666666667,0.999
28.0,0.9996666666666667,0.999
29.0,0.9996666666666667,0.999
30.0,0.9996666666666667,0.999
31.0,0.9996666666666667,0.999
32.0,0.9996666666666667,0.999
33.0,0.9996666666666667,0.999
34.0,0.9993333333333333,0.9986666666666667
35.0,0.9993333333333333,0.9986666666666667
36.0,0.9993333333333333,0.9986666666666667
37.0,0.9993333333333333,0.9986666666666667
38.0,0.9993333333333333,0.9986666666666667
39.0,0.9993333333333333,0.9986666666666667
40.0,0.9993333333333333,0.9986666666666667
41.0,0.9993333333333333,0.9986666666666667
42.0,0.9993333333333333,0.9986666666666667
43.0,0.9993333333333333,0.9986666666666667
44.0,0.9993333333333333,0.9986666666666667
45.0,0.9993333333333333,0.9986666666666667
46.0,0.999,0.9983333333333333
47.0,0.999,0.9983333333333333
48.0,0.999,0.9983333333333333
49.0,0.999,0.9983333333333333
50.0,0.999,0.9983333333333333
51.0,0.999,0.9983333333333333
52.0,0.9993333333333333,0.9983333333333333
53.0,0.9993333333333333,0.9983333333333333
54.0,0.9993333333333333,0.9983333333333333
55.0,0.9993333333333333,0.9983333333333333
56.0,0.9993333333333333,0.9983333333333333
57.0,0.9993333333333333,0.9983333333333333
58.0,0.9996666666666667,0.9983333333333333
59.0,0.9996666666666667,0.9983333333333333
60.0,0.9996666666666667,0.9983333333333333
61.0,0.9996666666666667,0.9983333333333333
62.0,0.9996666666666667,0.9983333333333333
63.0,0.9996666666666667,0.9983333333333333
64.0,0.9996666666666667,0.9983333333333333
65.0,0.9996666666666667,0.9983333333333333
66.0,0.9996666666666667,0.9983333333333333
67.0,0.9996666666666667,0.9983333333333333
68.0,0.9993333333333333,0.998
69.0,0.9993333333333333,0.998
70.0,0.999,0.9976666666666667
71.0,0.999,0.9976666666666667
72.0,0.999,0.9976666666666667
73.0,0.9986666666666667,0.9973333333333333
74.0,0.9986666666666667,0.9973333333333333
75.0,0.9986666666666667,0.9973333333333333
76.0,0.9986666666666667,0.9973333333333333
77.0,0.9983333333333333,0.997
78.0,0.9983333333333333,0.997
79.0,0.9983333333333333,0.997
80.0,0.998,0.9966666666666667
81.0,0.998,0.9966666666666667
82.0,0.998,0.9966666666666667
83.0,0.998,0.9966666666666667
84.0,0.9983333333333333,0.9966666666666667
85.0,0.9983333333333333,0.9966666666666667
86.0,0.9983333333333333,0.9966666666666667
87.0,0.9983333333333333,0.9966666666666667
88.0,0.9983333333333333,0.9966666666666667
89.0,0.998,0.9963333333333333
90.0,0.998,0.9963333333333333
91.0,0.998,0.9963333333333333
92.0,0.998,0.9963333333333333
93.0,0.998,0.9963333333333333
94.0,0.9983333333333333,0.9963333333333333
95.0,0.9983333333333333,0.9963333333333333
96.0,0.9983333333333333,0.9963333333333333
97.0,0.999,0.9963333333333333
98.0,0.999,0.9963333333333333
99.0,0.9986666666666667,0.996
100.0,0.9986666666666667,0.996
101.0,0.9983333333333333,0.9956666666666667
102.0,0.9983333333333333,0.9956666666666667
103.0,0.9983333333333333,0.9956666666666667
104.0,0.9983333333333333,0.9956666666666667
105.0,0.998,0.9953333333333333
106.0,0.998,0.9953333333333333
107.0,0.998,0.9953333333333333
108.0,0.9973333333333333,0.9946666666666667
109.0,0.9973333333333333,0.9946666666666667
110.0,0.9973333333333333,0.9946666666666667
111.0,0.9973333333333333,0.9946666666666667
112.0,0.9973333333333333,0.9946666666666667
113.0,0.9973333333333333,0.9946666666666667
114.0,0.9973333333333333,0.9946666666666667
115.0,0.9973333333333333,0.9946666666666667
116.0,0.9973333333333333,0.9943333333333333
117.0,0.9973333333333333,0.9943333333333333
118.0,0.9976666666666667,0.9943333333333333
119.0,0.9973333333333333,0.994
120.0,0.9973333333333333,0.994
121.0,0.9973333333333333,0.994
122.0,0.9973333333333333,0.994
123.0,0.997,0.9936666666666667
124.0,0.997,0.9936666666666667
125.0,0.997,0.993
126.0,0.997,0.993
127.0,0.997,0.993
128.0,0.997,0.993
129.0,0.9966666666666667,0.9926666666666667
130.0,0.9966666666666667,0.9926666666666667
131.0,0.9966666666666667,0.9926666666666667
132.0,0.997,0.9926666666666667
133.0,0.9966666666666667,0.9923333333333333
134.0,0.9963333333333333,0.992
135.0,0.996,0.9916666666666667
136.0,0.996,0.9916666666666667
137.0,0.996,0.9916666666666667
138.0,0.996,0.9916666666666667
139.0,0.996,0.9916666666666667
140.0,0.996,0.9916666666666667
141.0,0.996,0.9916666666666667
142.0,0.996,0.9916666666666667
143.0,0.9966666666666667,0.9916666666666667
144.0,0.9966666666666667,0.9916666666666667
145.0,0.9966666666666667,0.9916666666666667
146.0,0.9966666666666667,0.9916666666666667
147.0,0.997,0.9916666666666667
148.0,0.997,0.9916666666666667
149.0,0.997,0.9916666666666667
150.0,0.997,0.9916666666666667
151.0,0.997,0.9916666666666667
152.0,0.997,0.9916666666666667
153.0,0.9976666666666667,0.9916666666666667
154.0,0.9976666666666667,0.9916666666666667
155.0,0.9976666666666667,0.9916666666666667
156.0,0.998,0.9916666666666667
157.0,0.9983333333333333,0.9916666666666667
158.0,0.9983333333333333,0.9916666666666667
159.0,0.9983333333333333,0.9916666666666667
160.0,0.9983333333333333,0.9916666666666667
161.0,0.9983333333333333,0.9916666666666667
162.0,0.998,0.9913333333333333
163.0,0.998,0.9913333333333333
164.0,0.9983333333333333,0.9913333333333333
165.0,0.9983333333333333,0.9913333333333333
166.0,0.9983333333333333,0.9913333333333333
167.0,0.9983333333333333,0.9913333333333333
168.0,0.9983333333333333,0.9913333333333333
169.0,0.9983333333333333,0.9913333333333333
170.0,0.9983333333333333,0.9913333333333333
171.0,0.9986666666666667,0.9913333333333333
172.0,0.9986666666666667,0.9913333333333333
173.0,0.9993333333333333,0.9913333333333333
174.0,0.9993333333333333,0.9913333333333333
175.0,0.9993333333333333,0.9913333333333333
176.0,0.9993333333333333,0.9913333333333333
177.0,0.9993333333333333,0.9913333333333333
178.0,0.9993333333333333,0.9913333333333333
179.0,0.9993333333333333,0.9913333333333333
180.0,0.999,0.991
181.0,0.999,0.991
182.0,0.9993333333333333,0.991
183.0,0.9993333333333333,0.991
184.0,0.9993333333333333,0.991
185.0,0.9993333333333333,0.991
186.0,0.999,0.9906666666666667
187.0,0.999,0.9906666666666667
188.0,0.999,0.9906666666666667
189.0,0.999,0.9906666666666667
190.0,0.999,0.9906666666666667
191.0,0.999,0.9906666666666667
192.0,0.999,0.9906666666666667
193.0,0.999,0.9906666666666667
194.0,0.9993333333333333,0.9906666666666667
195.0,0.9993333333333333,0.9906666666666667
196.0,0.9993333333333333,0.9906666666666667
197.0,0.999,0.9903333333333333
198.0,0.999,0.9903333333333333
199.0,0.999,0.9903333333333333
200.0,0.999,0.9903333333333333
201.0,0.999,0.9903333333333333
202.0,0.999,0.9903333333333333
203.0,0.999,0.9903333333333333
204.0,0.999,0.9903333333333333
205.0,0.999,0.9903333333333333
206.0,0.9986666666666667,0.99
207.0,0.9983333333333333,0.9896666666666667
208.0,0.998,0.9893333333333333
209.0,0.998,0.9893333333333333
210.0,0.998,0.989
211.0,0.998,0.989
212.0,0.998,0.989
213.0,0.998,0.989
214.0,0.998,0.989
215.0,0.998,0.989
216.0,0.998,0.989
217.0,0.998,0.989
218.0,0.998,0.989
219.0,0.998,0.989
220.0,0.998,0.989
221.0,0.998,0.989
222.0,0.998,0.989
223.0,0.998,0.989
224.0,0.998,0.989
225.0,0.998,0.989
226.0,0.998,0.989
227.0,0.998,0.989
228.0,0.9983333333333333,0.989
229.0,0.998,0.9886666666666667
230.0,0.9983333333333333,0.9886666666666667
231.0,0.9983333333333333,0.9886666666666667
232.0,0.9983333333333333,0.9886666666666667
233.0,0.9983333333333333,0.9886666666666667
234.0,0.9986666666666667,0.9886666666666667
235.0,0.9986666666666667,0.9886666666666667
236.0,0.9986666666666667,0.9886666666666667
237.0,0.999,0.9886666666666667
238.0,0.999,0.9886666666666667
239.0,0.9986666666666667,0.9883333333333333
240.0,0.9986666666666667,0.9883333333333333
241.0,0.9986666666666667,0.9883333333333333
242.0,0.9986666666666667,0.9883333333333333
243.0,0.9986666666666667,0.9883333333333333
244.0,0.9986666666666667,0.9883333333333333
245.0,0.999,0.9883333333333333
246.0,0.999,0.9883333333333333
247.0,0.999,0.9883333333333333
248.0,0.9986666666666667,0.988
249.0,0.9986666666666667,0.988
250.0,0.9986666666666667,0.988
251.0,0.9986666666666667,0.988
252.0,0.9986666666666667,0.988
253.0,0.9986666666666667,0.988
254.0,0.9986666666666667,0.988
255.0,0.999,0.988
256.0,0.999,0.9876666666666667
257.0,0.999,0.9876666666666667
258.0,0.999,0.9876666666666667
259.0,0.999,0.9876666666666667
260.0,0.999,0.9876666666666667
261.0,0.9986666666666667,0.9873333333333333
262.0,0.9986666666666667,0.9873333333333333
263.0,0.999,0.9873333333333333
264.0,0.999,0.9873333333333333
265.0,0.999,0.9873333333333333
266.0,0.9986666666666667,0.987
267.0,0.9986666666666667,0.987
268.0,0.9983333333333333,0.9866666666666667
269.0,0.9986666666666667,0.9866666666666667
270.0,0.9986666666666667,0.9866666666666667
271.0,0.9983333333333333,0.9863333333333333
272.0,0.9986666666666667,0.9863333333333333
273.0,0.9986666666666667,0.9863333333333333
274.0,0.9986666666666667,0.9863333333333333
275.0,0.9986666666666667,0.9863333333333333
276.0,0.9986666666666667,0.9863333333333333
277.0,0.9986666666666667,0.9863333333333333
278.0,0.9986666666666667,0.9863333333333333
279.0,0.9986666666666667,0.9863333333333333
280.0,0.9986666666666667,0.986
281.0,0.9983333333333333,0.9856666666666667
282.0,0.9983333333333333,0.9856666666666667
283.0,0.998,0.9853333333333333
284.0,0.998,0.9853333333333333
285.0,0.998,0.9853333333333333
286.0,0.998,0.9853333333333333
287.0,0.998,0.9853333333333333
288.0,0.9976666666666667,0.985
289.0,0.997,0.9843333333333333
290.0,0.997,0.9843333333333333
291.0,0.997,0.9843333333333333
292.0,0.997,0.9843333333333333
293.0,0.997,0.9843333333333333
294.0,0.9963333333333333,0.9836666666666667
295.0,0.9966666666666667,0.9836666666666667
296.0,0.9966666666666667,0.9836666666666667
297.0,0.997,0.9833333333333333
298.0,0.997,0.9833333333333333
299.0,0.997,0.9833333333333333
300.0,0.9966666666666667,0.983
301.0,0.9966666666666667,0.983
302.0,0.9966666666666667,0.983
303.0,0.9966666666666667,0.983
304.0,0.9966666666666667,0.983
305.0,0.9966666666666667,0.983
306.0,0.9966666666666667,0.983
307.0,0.9966666666666667,0.983
308.0,0.9966666666666667,0.983
309.0,0.9966666666666667,0.983
310.0,0.9966666666666667,0.983
311.0,0.9966666666666667,0.983
312.0,0.9966666666666667,0.983
313.0,0.9963333333333333,0.9826666666666667
314.0,0.9963333333333333,0.9823333333333333
315.0,0.9963333333333333,0.9823333333333333
316.0,0.9966666666666667,0.9823333333333333
317.0,0.9966666666666667,0.9823333333333333
318.0,0.997,0.9823333333333333
319.0,0.997,0.9823333333333333
320.0,0.997,0.9823333333333333
321.0,0.9966666666666667,0.982
322.0,0.9963333333333333,0.9816666666666667
323.0,0.9963333333333333,0.9816666666666667
324.0,0.9963333333333333,0.9813333333333333
325.0,0.9963333333333333,0.9813333333333333
326.0,0.9963333333333333,0.9813333333333333
327.0,0.9963333333333333,0.9813333333333333
328.0,0.9966666666666667,0.9813333333333333
329.0,0.9973333333333333,0.9813333333333333
330.0,0.9973333333333333,0.9813333333333333
331.0,0.9973333333333333,0.981
332.0,0.9973333333333333,0.981
333.0,0.9973333333333333,0.981
334.0,0.9973333333333333,0.981
335.0,0.9973333333333333,0.981
336.0,0.9976666666666667,0.981
337.0,0.998,0.981
338.0,0.998,0.981
339.0,0.9976666666666667,0.9806666666666667
340.0,0.9976666666666667,0.9806666666666667
341.0,0.9976666666666667,0.9806666666666667
342.0,0.998,0.9806666666666667
343.0,0.998,0.9806666666666667
344.0,0.9976666666666667,0.9803333333333333
345.0,0.998,0.9803333333333333
346.0,0.998,0.9803333333333333
347.0,0.998,0.9803333333333333
348.0,0.9976666666666667,0.98
349.0,0.9976666666666667,0.98
350.0,0.9976666666666667,0.98
351.0,0.9976666666666667,0.98
352.0,0.9976666666666667,0.98
353.0,0.9976666666666667,0.98
354.0,0.9976666666666667,0.98
355.0,0.9976666666666667,0.98
356.0,0.9976666666666667,0.98
357.0,0.9973333333333333,0.9796666666666667
358.0,0.997,0.9793333333333334
359.0,0.997,0.9793333333333334
360.0,0.997,0.9793333333333334
361.0,0.997,0.9793333333333334
362.0,0.9976666666666667,0.9793333333333334
363.0,0.998,0.9793333333333334
364.0,0.998,0.9793333333333334
365.0,0.998,0.9793333333333334
366.0,0.9976666666666667,0.979
367.0,0.9973333333333333,0.9786666666666667
368.0,0.9973333333333333,0.9786666666666667
369.0,0.9973333333333333,0.9786666666666667
370.0,0.9973333333333333,0.9783333333333333
371.0,0.9973333333333333,0.9783333333333333
372.0,0.9976666666666667,0.9783333333333333
373.0,0.9976666666666667,0.9783333333333333
374.0,0.9976666666666667,0.9783333333333333
375.0,0.9976666666666667,0.9783333333333333
376.0,0.9976666666666667,0.9783333333333333
377.0,0.9976666666666667,0.9783333333333333
378.0,0.9976666666666667,0.9783333333333333
379.0,0.998,0.9783333333333333
380.0,0.998,0.9783333333333333
381.0,0.998,0.978
382.0,0.998,0.978
383.0,0.998,0.978
384.0,0.998,0.978
385.0,0.9976666666666667,0.9776666666666667
386.0,0.9976666666666667,0.9776666666666667
387.0,0.9976666666666667,0.9776666666666667
388.0,0.9973333333333333,0.9773333333333334
389.0,0.9973333333333333,0.9773333333333334
390.0,0.9973333333333333,0.9773333333333334
391.0,0.9973333333333333,0.9773333333333334
392.0,0.9973333333333333,0.977
393.0,0.997,0.9766666666666667
394.0,0.997,0.9766666666666667
395.0,0.9966666666666667,0.9763333333333334
396.0,0.997,0.9763333333333334
397.0,0.997,0.9763333333333334
398.0,0.997,0.9763333333333334
399.0,0.997,0.9763333333333334
400.0,0.9966666666666667,0.976
401.0,0.9966666666666667,0.976
402.0,0.9966666666666667,0.976
403.0,0.9966666666666667,0.976
404.0,0.9963333333333333,0.9756666666666667
405.0,0.9966666666666667,0.9756666666666667
406.0,0.9966666666666667,0.9756666666666667
407.0,0.9966666666666667,0.9756666666666667
408.0,0.9966666666666667,0.9756666666666667
409.0,0.9966666666666667,0.9756666666666667
410.0,0.9966666666666667,0.9756666666666667
411.0,0.996,0.975
412.0,0.996,0.975
413.0,0.996,0.975
414.0,0.9963333333333333,0.975
415.0,0.9966666666666667,0.975
416.0,0.9966666666666667,0.975
417.0,0.997,0.975
418.0,0.9973333333333333,0.975
419.0,0.9973333333333333,0.9746666666666667
420.0,0.9973333333333333,0.9746666666666667
421.0,0.9973333333333333,0.9746666666666667
422.0,0.9973333333333333,0.9746666666666667
423.0,0.9973333333333333,0.9746666666666667
424.0,0.9976666666666667,0.9746666666666667
425.0,0.9976666666666667,0.9746666666666667
426.0,0.9976666666666667,0.9746666666666667
427.0,0.9976666666666667,0.9746666666666667
428.0,0.9976666666666667,0.9746666666666667
429.0,0.9976666666666667,0.9746666666666667
430.0,0.9976666666666667,0.9746666666666667
431.0,0.9976666666666667,0.9746666666666667
432.0,0.9976666666666667,0.9746666666666667
433.0,0.998,0.9746666666666667
434.0,0.998,0.9746666666666667
435.0,0.9983333333333333,0.9746666666666667
436.0,0.9986666666666667,0.9746666666666667
437.0,0.9986666666666667,0.9746666666666667
438.0,0.9986666666666667,0.9746666666666667
439.0,0.9986666666666667,0.9746666666666667
440.0,0.999,0.9746666666666667
441.0,0.999,0.9746666666666667
442.0,0.999,0.9746666666666667
443.0,0.9993333333333333,0.9746666666666667
444.0,0.9993333333333333,0.9746666666666667
445.0,0.9993333333333333,0.9746666666666667
446.0,0.9993333333333333,0.9746666666666667
447.0,0.9993333333333333,0.9746666666666667
448.0,0.9993333333333333,0.9746666666666667
449.0,0.9993333333333333,0.9746666666666667
450.0,0.9993333333333333,0.9746666666666667
451.0,0.9993333333333333,0.9746666666666667
452.0,0.9996666666666667,0.9746666666666667
453.0,0.9996666666666667,0.9746666666666667
454.0,0.9993333333333333,0.9743333333333334
455.0,0.9993333333333333,0.9743333333333334
456.0,0.9993333333333333,0.9743333333333334
457.0,0.9993333333333333,0.9743333333333334
458.0,0.999,0.974
459.0,0.9986666666666667,0.9736666666666667
460.0,0.9986666666666667,0.9736666666666667
461.0,0.9986666666666667,0.9736666666666667
462.0,0.9986666666666667,0.9736666666666667
463.0,0.999,0.9736666666666667
464.0,0.999,0.9736666666666667
465.0,0.999,0.9736666666666667
466.0,0.999,0.9736666666666667
467.0,0.9993333333333333,0.9736666666666667
468.0,0.9993333333333333,0.9736666666666667
469.0,0.9986666666666667,0.973
470.0,0.9983333333333333,0.9726666666666667
471.0,0.9983333333333333,0.9726666666666667
472.0,0.998,0.9723333333333334
473.0,0.9973333333333333,0.9716666666666667
474.0,0.9973333333333333,0.9716666666666667
475.0,0.997,0.9713333333333334
476.0,0.997,0.9713333333333334
477.0,0.997,0.9713333333333334
478.0,0.9976666666666667,0.9713333333333334
479.0,0.9976666666666667,0.9713333333333334
480.0,0.9976666666666667,0.9713333333333334
481.0,0.9976666666666667,0.9713333333333334
482.0,0.9976666666666667,0.9713333333333334
483.0,0.998,0.9713333333333334
484.0,0.998,0.9713333333333334
485.0,0.998,0.9713333333333334
486.0,0.998,0.9713333333333334
487.0,0.998,0.9713333333333334
488.0,0.998,0.9713333333333334
489.0,0.998,0.9713333333333334
490.0,0.998,0.9713333333333334
491.0,0.998,0.9713333333333334
492.0,0.998,0.9713333333333334
493.0,0.9983333333333333,0.9713333333333334
494.0,0.9983333333333333,0.9713333333333334
495.0,0.9983333333333333,0.9713333333333334
496.0,0.9983333333333333,0.9713333333333334
497.0,0.999,0.9713333333333334
498.0,0.9986666666666667,0.971
499.0,0.9986666666666667,0.971
500.0,0.9986666666666667,0.971
501.0,0.9986666666666667,0.971
502.0,0.9986666666666667,0.971
503.0,0.9986666666666667,0.971
504.0,0.9986666666666667,0.971
505.0,0.9986666666666667,0.971
506.0,0.999,0.971
507.0,0.999,0.971
508.0,0.999,0.971
509.0,0.999,0.971
510.0,0.999,0.971
511.0,0.999,0.971
512.0,0.9986666666666667,0.9706666666666667
513.0,0.9986666666666667,0.9706666666666667
514.0,0.9986666666666667,0.9706666666666667
515.0,0.9986666666666667,0.9706666666666667
516.0,0.9986666666666667,0.9706666666666667
517.0,0.999,0.9706666666666667
518.0,0.999,0.9706666666666667
519.0,0.999,0.9706666666666667
520.0,0.9993333333333333,0.9706666666666667
521.0,0.9993333333333333,0.9706666666666667
522.0,0.9996666666666667,0.9706666666666667
523.0,0.9996666666666667,0.9706666666666667
524.0,0.9996666666666667,0.9706666666666667
525.0,0.9996666666666667,0.9706666666666667
526.0,0.9993333333333333,0.9703333333333334
527.0,0.9993333333333333,0.9703333333333334
528.0,0.9993333333333333,0.9703333333333334
529.0,0.999,0.97
530.0,0.999,0.97
531.0,0.999,0.97
532.0,0.999,0.97
533.0,0.999,0.97
534.0,0.999,0.97
535.0,0.9986666666666667,0.9696666666666667
536.0,0.999,0.9696666666666667
537.0,0.9993333333333333,0.9696666666666667
538.0,0.999,0.9693333333333334
539.0,0.999,0.9693333333333334
540.0,0.999,0.9693333333333334
541.0,0.999,0.9693333333333334
542.0,0.999,0.9693333333333334
543.0,0.9993333333333333,0.9693333333333334
544.0,0.9993333333333333,0.9693333333333334
545.0,0.9993333333333333,0.9693333333333334
546.0,0.9993333333333333,0.9693333333333334
547.0,0.9993333333333333,0.9693333333333334
548.0,0.9993333333333333,0.9693333333333334
549.0,0.9993333333333333,0.9693333333333334
550.0,0.9993333333333333,0.9693333333333334
551.0,0.9993333333333333,0.9693333333333334
552.0,0.999,0.969
553.0,0.999,0.969
554.0,0.999,0.969
555.0,0.999,0.969
556.0,0.999,0.969
557.0,0.999,0.969
558.0,0.999,0.969
559.0,0.999,0.969
560.0,0.9993333333333333,0.969
561.0,0.9993333333333333,0.969
562.0,0.9993333333333333,0.969
563.0,0.999,0.9686666666666667
564.0,0.999,0.9686666666666667
565.0,0.999,0.9686666666666667
566.0,0.999,0.9686666666666667
567.0,0.9983333333333333,0.968
568.0,0.9983333333333333,0.968
569.0,0.998,0.9676666666666667
570.0,0.998,0.9676666666666667
571.0,0.998,0.9676666666666667
572.0,0.998,0.9676666666666667
573.0,0.998,0.9676666666666667
574.0,0.9983333333333333,0.9676666666666667
575.0,0.9986666666666667,0.9676666666666667
576.0,0.9986666666666667,0.9676666666666667
577.0,0.9986666666666667,0.9676666666666667
578.0,0.9986666666666667,0.9676666666666667
579.0,0.9986666666666667,0.9676666666666667
580.0,0.9986666666666667,0.9676666666666667
581.0,0.9986666666666667,0.9676666666666667
582.0,0.9986666666666667,0.9676666666666667
583.0,0.9986666666666667,0.9676666666666667
584.0,0.9983333333333333,0.9673333333333334
585.0,0.9983333333333333,0.9673333333333334
586.0,0.9986666666666667,0.9673333333333334
587.0,0.9983333333333333,0.967
588.0,0.9976666666666667,0.9663333333333334
589.0,0.9976666666666667,0.9663333333333334
590.0,0.9976666666666667,0.9663333333333334
591.0,0.9976666666666667,0.9663333333333334
592.0,0.9976666666666667,0.9663333333333334
593.0,0.9976666666666667,0.9663333333333334
594.0,0.9976666666666667,0.9663333333333334
595.0,0.9976666666666667,0.9663333333333334
596.0,0.9976666666666667,0.9663333333333334
597.0,0.9976666666666667,0.9663333333333334
598.0,0.997,0.9656666666666667
599.0,0.997,0.9656666666666667
600.0,0.997,0.9656666666666667
601.0,0.997,0.9656666666666667
602.0,0.997,0.9656666666666667
603.0,0.997,0.9656666666666667
604.0,0.997,0.9656666666666667
605.0,0.997,0.9656666666666667
606.0,0.9973333333333333,0.9656666666666667
607.0,0.9973333333333333,0.9656666666666667
608.0,0.9973333333333333,0.9656666666666667
609.0,0.9973333333333333,0.9656666666666667
610.0,0.9973333333333333,0.9656666666666667
611.0,0.9973333333333333,0.9653333333333334
612.0,0.9973333333333333,0.965
613.0,0.9973333333333333,0.965
614.0,0.997,0.9646666666666667
615.0,0.9976666666666667,0.9646666666666667
616.0,0.9976666666666667,0.9646666666666667
617.0,0.998,0.9646666666666667
618.0,0.9976666666666667,0.9643333333333334
619.0,0.9976666666666667,0.9643333333333334
620.0,0.9976666666666667,0.9643333333333334
621.0,0.9973333333333333,0.964
622.0,0.9973333333333333,0.964
623.0,0.997,0.9636666666666667
624.0,0.997,0.9636666666666667
625.0,0.997,0.9636666666666667
626.0,0.997,0.9636666666666667
627.0,0.997,0.9636666666666667
628.0,0.997,0.9636666666666667
629.0,0.997,0.9636666666666667
630.0,0.997,0.9636666666666667
631.0,0.997,0.9636666666666667
632.0,0.9973333333333333,0.9636666666666667
633.0,0.9973333333333333,0.9636666666666667
634.0,0.9973333333333333,0.9636666666666667
635.0,0.9973333333333333,0.9636666666666667
636.0,0.9973333333333333,0.9633333333333334
637.0,0.9973333333333333,0.9633333333333334
638.0,0.9973333333333333,0.9633333333333334
639.0,0.9973333333333333,0.9633333333333334
640.0,0.9973333333333333,0.9633333333333334
641.0,0.997,0.963
642.0,0.9966666666666667,0.9626666666666667
643.0,0.9966666666666667,0.9626666666666667
644.0,0.9963333333333333,0.9623333333333334
645.0,0.9963333333333333,0.9623333333333334
646.0,0.9966666666666667,0.9623333333333334
647.0,0.9963333333333333,0.962
648.0,0.9963333333333333,0.962
649.0,0.9963333333333333,0.962
650.0,0.9963333333333333,0.962
651.0,0.9963333333333333,0.962
652.0,0.996,0.9616666666666667
653.0,0.996,0.9616666666666667
654.0,0.996,0.9616666666666667
655.0,0.9956666666666667,0.9613333333333334
656.0,0.9956666666666667,0.9613333333333334
657.0,0.9956666666666667,0.9613333333333334
658.0,0.9956666666666667,0.9613333333333334
659.0,0.996,0.9613333333333334
660.0,0.996,0.961
661.0,0.996,0.961
662.0,0.996,0.961
663.0,0.9963333333333333,0.961
664.0,0.9963333333333333,0.961
665.0,0.9963333333333333,0.961
666.0,0.9966666666666667,0.961
667.0,0.9966666666666667,0.961
668.0,0.9966666666666667,0.961
669.0,0.997,0.961
670.0,0.9966666666666667,0.9606666666666667
671.0,0.997,0.9606666666666667
672.0,0.9966666666666667,0.9603333333333334
673.0,0.9963333333333333,0.96
674.0,0.9963333333333333,0.96
675.0,0.9963333333333333,0.96
676.0,0.9963333333333333,0.96
677.0,0.9963333333333333,0.96
678.0,0.9963333333333333,0.9596666666666667
679.0,0.9963333333333333,0.9596666666666667
680.0,0.9963333333333333,0.9596666666666667
681.0,0.9956666666666667,0.959
682.0,0.9956666666666667,0.959
683.0,0.9956666666666667,0.959
684.0,0.996,0.959
685.0,0.996,0.959
686.0,0.9963333333333333,0.959
687.0,0.9963333333333333,0.959
688.0,0.9963333333333333,0.959
689.0,0.9966666666666667,0.959
690.0,0.997,0.959
691.0,0.997,0.959
692.0,0.997,0.9586666666666667
693.0,0.997,0.9586666666666667
694.0,0.997,0.9586666666666667
695.0,0.9973333333333333,0.9586666666666667
696.0,0.9976666666666667,0.9586666666666667
697.0,0.9976666666666667,0.9586666666666667
698.0,0.9976666666666667,0.9586666666666667
699.0,0.9976666666666667,0.9586666666666667
700.0,0.998,0.9586666666666667
701.0,0.998,0.9586666666666667
702.0,0.9983333333333333,0.9586666666666667
703.0,0.9983333333333333,0.9586666666666667
704.0,0.998,0.9583333333333334
705.0,0.9983333333333333,0.9583333333333334
706.0,0.9983333333333333,0.9583333333333334
707.0,0.9983333333333333,0.9583333333333334
708.0,0.9986666666666667,0.9583333333333334
709.0,0.9983333333333333,0.958
710.0,0.9983333333333333,0.958
711.0,0.9976666666666667,0.9573333333333334
712.0,0.9976666666666667,0.9573333333333334
713.0,0.9976666666666667,0.9573333333333334
714.0,0.9976666666666667,0.9573333333333334
715.0,0.9976666666666667,0.9573333333333334
716.0,0.998,0.9573333333333334
717.0,0.9976666666666667,0.957
718.0,0.9973333333333333,0.9566666666666667
719.0,0.9973333333333333,0.9566666666666667
720.0,0.9973333333333333,0.9566666666666667
721.0,0.9973333333333333,0.9563333333333334
722.0,0.9973333333333333,0.9563333333333334
723.0,0.9973333333333333,0.9563333333333334
724.0,0.9973333333333333,0.9563333333333334
725.0,0.9973333333333333,0.9563333333333334
726.0,0.9973333333333333,0.9563333333333334
727.0,0.9973333333333333,0.9563333333333334
728.0,0.9973333333333333,0.9563333333333334
729.0,0.9976666666666667,0.9563333333333334
730.0,0.9976666666666667,0.9563333333333334
731.0,0.9976666666666667,0.9563333333333334
732.0,0.9973333333333333,0.956
733.0,0.9973333333333333,0.956
734.0,0.9973333333333333,0.956
735.0,0.9976666666666667,0.956
736.0,0.9976666666666667,0.956
737.0,0.9976666666666667,0.956
738.0,0.9976666666666667,0.956
739.0,0.9976666666666667,0.956
740.0,0.9973333333333333,0.9556666666666667
741.0,0.9973333333333333,0.9556666666666667
742.0,0.9973333333333333,0.9556666666666667
743.0,0.9973333333333333,0.9556666666666667
744.0,0.9973333333333333,0.9556666666666667
745.0,0.9976666666666667,0.9556666666666667
746.0,0.9973333333333333,0.9553333333333334
747.0,0.997,0.955
748.0,0.997,0.955
749.0,0.997,0.955
750.0,0.9966666666666667,0.9546666666666667
751.0,0.9966666666666667,0.9546666666666667
752.0,0.997,0.9546666666666667
753.0,0.997,0.9546666666666667
754.0,0.997,0.9546666666666667
755.0,0.997,0.9546666666666667
756.0,0.997,0.9546666666666667
757.0,0.9973333333333333,0.9546666666666667
758.0,0.997,0.9543333333333334
759.0,0.9973333333333333,0.9543333333333334
760.0,0.9973333333333333,0.9543333333333334
761.0,0.9973333333333333,0.9543333333333334
762.0,0.9973333333333333,0.9543333333333334
763.0,0.9973333333333333,0.9543333333333334
764.0,0.9973333333333333,0.9543333333333334
765.0,0.9976666666666667,0.9543333333333334
766.0,0.998,0.9543333333333334
767.0,0.9976666666666667,0.954
768.0,0.9976666666666667,0.954
769.0,0.9976666666666667,0.954
770.0,0.9976666666666667,0.954
771.0,0.9973333333333333,0.9536666666666667
772.0,0.9973333333333333,0.9536666666666667
773.0,0.9973333333333333,0.9536666666666667
774.0,0.9973333333333333,0.9536666666666667
775.0,0.9973333333333333,0.9536666666666667
776.0,0.997,0.9533333333333334
777.0,0.997,0.9533333333333334
778.0,0.997,0.9533333333333334
779.0,0.997,0.9533333333333334
780.0,0.997,0.953
781.0,0.997,0.953
782.0,0.9973333333333333,0.953
783.0,0.9973333333333333,0.953
784.0,0.9973333333333333,0.953
785.0,0.9973333333333333,0.953
786.0,0.997,0.9526666666666667
787.0,0.997,0.9526666666666667
788.0,0.9973333333333333,0.9526666666666667
789.0,0.9973333333333333,0.9526666666666667
790.0,0.9973333333333333,0.9526666666666667
791.0,0.9976666666666667,0.9526666666666667
792.0,0.9976666666666667,0.9526666666666667
793.0,0.9976666666666667,0.9526666666666667
794.0,0.998,0.9526666666666667
795.0,0.9983333333333333,0.9526666666666667
796.0,0.9983333333333333,0.9526666666666667
797.0,0.9983333333333333,0.9526666666666667
798.0,0.9986666666666667,0.9526666666666667
799.0,0.9983333333333333,0.9523333333333334
800.0,0.9983333333333333,0.952
801.0,0.9983333333333333,0.952
802.0,0.9976666666666667,0.9513333333333334
803.0,0.9976666666666667,0.9513333333333334
804.0,0.9973333333333333,0.9506666666666667
805.0,0.9973333333333333,0.9506666666666667
806.0,0.9976666666666667,0.9506666666666667
807.0,0.9973333333333333,0.9503333333333334
808.0,0.9973333333333333,0.9503333333333334
809.0,0.997,0.95
810.0,0.9976666666666667,0.95
811.0,0.9976666666666667,0.95
812.0,0.9976666666666667,0.9496666666666667
813.0,0.9976666666666667,0.9496666666666667
814.0,0.9973333333333333,0.9493333333333334
815.0,0.9976666666666667,0.9493333333333334
816.0,0.9976666666666667,0.9493333333333334
817.0,0.9976666666666667,0.9493333333333334
818.0,0.9976666666666667,0.9493333333333334
819.0,0.998,0.9493333333333334
820.0,0.9976666666666667,0.949
821.0,0.9976666666666667,0.949
822.0,0.9976666666666667,0.949
823.0,0.998,0.949
824.0,0.9976666666666667,0.9483333333333334
825.0,0.9976666666666667,0.9483333333333334
826.0,0.9976666666666667,0.9483333333333334
827.0,0.9976666666666667,0.9483333333333334
828.0,0.9976666666666667,0.9483333333333334
829.0,0.9976666666666667,0.9483333333333334
830.0,0.9976666666666667,0.9483333333333334
831.0,0.9973333333333333,0.948
832.0,0.9973333333333333,0.948
833.0,0.9973333333333333,0.948
834.0,0.9966666666666667,0.9473333333333334
835.0,0.9963333333333333,0.947
836.0,0.9963333333333333,0.947
837.0,0.996,0.9466666666666667
838.0,0.996,0.9466666666666667
839.0,0.996,0.9466666666666667
840.0,0.996,0.9466666666666667
841.0,0.996,0.9466666666666667
842.0,0.996,0.9466666666666667
843.0,0.996,0.9466666666666667
844.0,0.996,0.9466666666666667
845.0,0.996,0.9466666666666667
846.0,0.996,0.9466666666666667
847.0,0.996,0.9466666666666667
848.0,0.9963333333333333,0.9466666666666667
849.0,0.9963333333333333,0.9466666666666667
850.0,0.9963333333333333,0.9466666666666667
851.0,0.9963333333333333,0.9466666666666667
852.0,0.9966666666666667,0.9466666666666667
853.0,0.9963333333333333,0.9463333333333334
854.0,0.9963333333333333,0.9463333333333334
855.0,0.9963333333333333,0.9463333333333334
856.0,0.9963333333333333,0.9463333333333334
857.0,0.996,0.946
858.0,0.9963333333333333,0.946
859.0,0.996,0.9456666666666667
860.0,0.9963333333333333,0.9456666666666667
861.0,0.997,0.9456666666666667
862.0,0.9973333333333333,0.9456666666666667
863.0,0.9973333333333333,0.9456666666666667
864.0,0.9973333333333333,0.9456666666666667
865.0,0.9973333333333333,0.9456666666666667
866.0,0.9973333333333333,0.9456666666666667
867.0,0.9976666666666667,0.9456666666666667
868.0,0.998,0.9456666666666667
869.0,0.9976666666666667,0.9453333333333334
870.0,0.9976666666666667,0.9453333333333334
871.0,0.9976666666666667,0.9453333333333334
872.0,0.9976666666666667,0.945
873.0,0.9973333333333333,0.9446666666666667
874.0,0.9973333333333333,0.9446666666666667
875.0,0.9973333333333333,0.9446666666666667
876.0,0.9966666666666667,0.944
877.0,0.9966666666666667,0.944
878.0,0.9966666666666667,0.944
879.0,0.997,0.944
880.0,0.997,0.944
881.0,0.997,0.944
882.0,0.997,0.9436666666666667
883.0,0.9973333333333333,0.9436666666666667
884.0,0.998,0.9436666666666667
885.0,0.998,0.9436666666666667
886.0,0.998,0.9436666666666667
887.0,0.998,0.9436666666666667
888.0,0.998,0.9436666666666667
889.0,0.998,0.9436666666666667
890.0,0.998,0.9436666666666667
891.0,0.9976666666666667,0.9433333333333334
892.0,0.9976666666666667,0.9433333333333334
893.0,0.9976666666666667,0.9433333333333334
894.0,0.9976666666666667,0.9433333333333334
895.0,0.9976666666666667,0.9433333333333334
896.0,0.998,0.9433333333333334
897.0,0.998,0.9433333333333334
898.0,0.998,0.9433333333333334
899.0,0.998,0.9433333333333334
900.0,0.998,0.9433333333333334
901.0,0.998,0.9433333333333334
902.0,0.998,0.9433333333333334
903.0,0.9976666666666667,0.943
904.0,0.9976666666666667,0.943
905.0,0.9983333333333333,0.943
906.0,0.9983333333333333,0.943
907.0,0.9983333333333333,0.943
908.0,0.998,0.9426666666666667
909.0,0.998,0.9426666666666667
910.0,0.998,0.9426666666666667
911.0,0.998,0.9426666666666667
912.0,0.9976666666666667,0.9423333333333334
913.0,0.9976666666666667,0.9423333333333334
914.0,0.9976666666666667,0.9423333333333334
915.0,0.998,0.9423333333333334
916.0,0.9983333333333333,0.9423333333333334
917.0,0.9986666666666667,0.9423333333333334
918.0,0.9986666666666667,0.9423333333333334
919.0,0.9983333333333333,0.942
920.0,0.9983333333333333,0.942
921.0,0.9986666666666667,0.942
922.0,0.9986666666666667,0.942
923.0,0.9986666666666667,0.942
924.0,0.9986666666666667,0.942
925.0,0.9986666666666667,0.942
926.0,0.9983333333333333,0.9416666666666667
927.0,0.9986666666666667,0.9416666666666667
928.0,0.9983333333333333,0.9413333333333334
929.0,0.9983333333333333,0.9413333333333334
930.0,0.9986666666666667,0.9413333333333334
931.0,0.9986666666666667,0.9413333333333334
932.0,0.9986666666666667,0.9413333333333334
933.0,0.9986666666666667,0.9413333333333334
934.0,0.9983333333333333,0.9410000000000001
935.0,0.9983333333333333,0.9410000000000001
936.0,0.9986666666666667,0.9410000000000001
937.0,0.9986666666666667,0.9410000000000001
938.0,0.9986666666666667,0.9410000000000001
939.0,0.9986666666666667,0.9410000000000001
940.0,0.9986666666666667,0.9410000000000001
941.0,0.9986666666666667,0.9410000000000001
942.0,0.998,0.9403333333333334
943.0,0.998,0.9403333333333334
944.0,0.998,0.9403333333333334
945.0,0.998,0.9403333333333334
946.0,0.998,0.9403333333333334
947.0,0.998,0.9403333333333334
948.0,0.998,0.9403333333333334
949.0,0.998,0.9403333333333334
950.0,0.998,0.9403333333333334
951.0,0.9983333333333333,0.9403333333333334
952.0,0.9983333333333333,0.9403333333333334
953.0,0.9983333333333333,0.9403333333333334
954.0,0.998,0.94
955.0,0.998,0.94
956.0,0.998,0.94
957.0,0.998,0.94
958.0,0.9983333333333333,0.94
959.0,0.9983333333333333,0.94
960.0,0.9983333333333333,0.94
961.0,0.9983333333333333,0.94
962.0,0.9983333333333333,0.9396666666666667
963.0,0.998,0.9393333333333334
964.0,0.9976666666666667,0.9390000000000001
965.0,0.9976666666666667,0.9390000000000001
966.0,0.998,0.9390000000000001
967.0,0.998,0.9390000000000001
968.0,0.998,0.9390000000000001
969.0,0.998,0.9390000000000001
970.0,0.998,0.9390000000000001
971.0,0.998,0.9390000000000001
972.0,0.998,0.9390000000000001
973.0,0.998,0.9390000000000001
974.0,0.9983333333333333,0.9390000000000001
975.0,0.9983333333333333,0.9390000000000001
976.0,0.9983333333333333,0.9390000000000001
977.0,0.9983333333333333,0.9390000000000001
978.0,0.9983333333333333,0.9390000000000001
979.0,0.9983333333333333,0.9390000000000001
980.0,0.9983333333333333,0.9390000000000001
981.0,0.9983333333333333,0.9390000000000001
982.0,0.9983333333333333,0.9390000000000001
983.0,0.9983333333333333,0.9390000000000001
984.0,0.9986666666666667,0.9390000000000001
985.0,0.9986666666666667,0.9390000000000001
986.0,0.9986666666666667,0.9390000000000001
987.0,0.9986666666666667,0.9390000000000001
988.0,0.999,0.9390000000000001
989.0,0.999,0.9390000000000001
990.0,0.9993333333333333,0.9390000000000001
991.0,0.999,0.9390000000000001
992.0,0.9983333333333333,0.9383333333333334
993.0,0.9983333333333333,0.9383333333333334
994.0,0.998,0.938
995.0,0.9976666666666667,0.938
996.0,0.9976666666666667,0.938
997.0,0.9976666666666667,0.938
998.0,0.9976666666666667,0.938
999.0,0.9973333333333333,0.9376666666666666
1000.0,1.0,0.9376666666666666
