time,component,event
2026-01-04 05:00:00,Grid,FAILURE
2026-01-04 09:00:00,PV_Inverter,FAILURE
2026-01-04 15:00:00,PV_Inverter,REPAIR
2026-01-05 08:00:00,Grid,REPAIR
2026-01-22 10:00:00,PCS,FAILURE
2026-01-22 12:00:00,PCS,REPAIR
2026-01-28 13:00:00,Islanding_Controller,FAILURE
2026-01-28 14:00:00,Islanding_Controller,REPAIR
2026-01-29 22:00:00,BMS,FAILURE
2026-01-29 23:00:00,BMS,REPAIR
2026-01-30 09:00:00,Grid,FAILURE
2026-01-31 10:00:00,Grid,REPAIR
2026-02-03 05:00:00,PCC_Breaker,FAILURE
2026-02-03 08:00:00,PCC_Breaker,REPAIR
2026-02-04 09:00:00,Battery_Pack,FAILURE
2026-02-04 12:00:00,Battery_Pack,REPAIR
2026-02-16 06:00:00,Battery_Pack,FAILURE
2026-02-16 19:00:00,Battery_Pack,REPAIR
2026-02-25 13:00:00,PCS,FAILURE
2026-02-25 15:00:00,PCS,REPAIR
2026-02-26 13:00:00,PV_Inverter,FAILURE
2026-02-26 15:00:00,PV_Inverter,REPAIR
2026-03-02 04:00:00,Battery_Pack,FAILURE
2026-03-03 06:00:00,Grid,FAILURE
2026-03-03 18:00:00,Battery_Pack,REPAIR
2026-03-05 03:00:00,Grid,REPAIR
2026-03-11 11:00:00,PV_Inverter,FAILURE
2026-03-11 21:00:00,PV_Inverter,REPAIR
2026-03-17 17:00:00,Battery_Pack,FAILURE
2026-03-18 12:00:00,Battery_Pack,REPAIR
2026-03-19 17:00:00,Grid,FAILURE
2026-03-22 19:00:00,Grid,REPAIR
2026-04-07 07:00:00,PV_Array,FAILURE
2026-04-07 19:00:00,PV_Array,REPAIR
2026-04-09 11:00:00,Battery_Pack,FAILURE
2026-04-10 17:00:00,Battery_Pack,REPAIR
2026-04-14 14:00:00,Grid,FAILURE
2026-04-17 23:00:00,PV_Inverter,FAILURE
2026-04-18 08:00:00,PV_Inverter,REPAIR
2026-04-19 20:00:00,Islanding_Controller,FAILURE
2026-04-20 04:00:00,Islanding_Controller,REPAIR
2026-04-27 00:00:00,PV_Array,FAILURE
2026-04-27 05:00:00,PV_Array,REPAIR
2026-04-28 16:00:00,Grid,REPAIR
2026-04-28 17:00:00,PV_Array,FAILURE
2026-04-28 22:00:00,PV_Array,REPAIR
2026-05-02 01:00:00,Grid,FAILURE
2026-05-07 12:00:00,Grid,REPAIR
2026-05-09 01:00:00,PCS,FAILURE
2026-05-09 04:00:00,PCS,REPAIR
2026-05-09 23:00:00,PV_Inverter,FAILURE
2026-05-10 05:00:00,PV_Inverter,REPAIR
2026-05-19 00:00:00,PV_Inverter,FAILURE
2026-05-19 06:00:00,PV_Inverter,REPAIR
2026-05-22 14:00:00,Grid,FAILURE
2026-05-23 20:00:00,PCS,FAILURE
2026-05-23 21:00:00,PCS,REPAIR
2026-05-24 05:00:00,Grid,REPAIR
2026-05-25 11:00:00,PCC_Breaker,FAILURE
2026-05-25 16:00:00,PCC_Breaker,REPAIR
2026-05-30 13:00:00,Grid,FAILURE
2026-06-04 22:00:00,Grid,REPAIR
2026-06-13 16:00:00,PV_Inverter,FAILURE
2026-06-14 07:00:00,PV_Inverter,REPAIR
2026-06-27 13:00:00,Grid,FAILURE
2026-06-29 00:00:00,Grid,REPAIR
