Timestamp,Description,Status,Basic_Event,System_Failure
2025-01-01 01:23:55.474701,PV solder bond failure detected,Active,BE11,True
2025-01-01 13:11:57.957361,Encapsulant fault detected,Active,BE16,True
2025-01-02 15:45:40.006797,Grounding system fault detected,Active,BE6,True
2025-01-02 21:01:13.538214,PV shading detected,Active,BE9,True
2025-01-03 01:16:47.933102,PV soiling detected,Active,BE8,True
2025-01-03 01:23:55.474701,PV solder bond failure detected,Cleared,BE11,True
2025-01-03 03:32:46.560958,PV solder bond failure detected,Active,BE11,True
2025-01-03 05:01:13.538214,PV shading detected,Cleared,BE9,True
2025-01-03 09:16:47.933102,PV soiling detected,Cleared,BE8,True
2025-01-03 13:11:57.957361,Encapsulant fault detected,Cleared,BE16,True
2025-01-03 15:45:40.006797,Grounding system fault detected,Cleared,BE6,True
2025-01-04 17:42:58.583706,Encapsulant fault detected,Active,BE16,True
2025-01-05 03:32:46.560958,PV solder bond failure detected,Cleared,BE11,True
2025-01-05 03:53:15.072955,PV solder bond failure detected,Active,BE11,True
2025-01-06 07:31:30.726075,PV cell breakage detected,Active,BE10,True
2025-01-06 17:42:58.583706,Encapsulant fault detected,Cleared,BE16,True
2025-01-07 03:53:15.072955,PV solder bond failure detected,Cleared,BE11,True
2025-01-08 07:31:30.726075,PV cell breakage detected,Cleared,BE10,False
2025-01-08 19:11:29.040623,PV interconnect fault detected,Active,BE5,True
2025-01-09 09:31:32.304992,Encapsulant fault detected,Active,BE16,True
2025-01-09 19:11:29.040623,PV interconnect fault detected,Cleared,BE5,True
2025-01-10 00:45:29.201028,PV interconnect fault detected,Active,BE5,True
2025-01-10 02:33:54.154734,PV solder bond failure detected,Active,BE11,True
2025-01-10 04:12:51.696999,PV cell breakage detected,Active,BE10,True
2025-01-11 00:45:29.201028,PV interconnect fault detected,Cleared,BE5,True
2025-01-11 09:31:32.304992,Encapsulant fault detected,Cleared,BE16,True
2025-01-12 02:33:54.154734,PV solder bond failure detected,Cleared,BE11,True
2025-01-12 04:12:51.696999,PV cell breakage detected,Cleared,BE10,False
2025-01-12 12:02:04.017834,PV cell breakage detected,Active,BE10,True
2025-01-12 19:46:28.648540,Encapsulant fault detected,Active,BE16,True
2025-01-14 12:02:04.017834,PV cell breakage detected,Cleared,BE10,True
2025-01-14 19:46:28.648540,Encapsulant fault detected,Cleared,BE16,False
2025-01-15 16:19:44.756786,PV soiling detected,Active,BE8,True
2025-01-16 00:19:44.756786,PV soiling detected,Cleared,BE8,False
2025-01-16 04:20:06.989592,Rack structure fault detected,Active,BE15,True
2025-01-16 22:38:58.632787,MCB 1 fault detected,Active,BE3,True
2025-01-17 05:43:31.556367,PV cell breakage detected,Active,BE10,True
2025-01-17 08:38:58.632787,MCB 1 fault detected,Cleared,BE3,True
2025-01-17 18:43:54.560607,PV interconnect fault detected,Active,BE5,True
2025-01-18 04:20:06.989592,Rack structure fault detected,Cleared,BE15,True
2025-01-18 18:43:54.560607,PV interconnect fault detected,Cleared,BE5,True
2025-01-19 05:43:31.556367,PV cell breakage detected,Cleared,BE10,False
2025-01-19 22:31:57.235114,PV cell breakage detected,Active,BE10,True
2025-01-20 07:30:49.214755,Rack structure fault detected,Active,BE15,True
2025-01-21 18:35:37.094566,Encapsulant fault detected,Active,BE16,True
2025-01-21 22:31:57.235114,PV cell breakage detected,Cleared,BE10,True
2025-01-22 07:30:49.214755,Rack structure fault detected,Cleared,BE15,True
2025-01-22 10:34:21.514620,PV cell breakage detected,Active,BE10,True
2025-01-23 17:21:07.056085,PV interconnect fault detected,Active,BE5,True
2025-01-23 18:35:37.094566,Encapsulant fault detected,Cleared,BE16,True
2025-01-24 10:34:21.514620,PV cell breakage detected,Cleared,BE10,True
2025-01-24 16:22:34.042918,MCB 1 fault detected,Active,BE3,True
2025-01-24 17:21:07.056085,PV interconnect fault detected,Cleared,BE5,False
2025-01-25 00:57:02.899083,Grounding system fault detected,Active,BE6,True
2025-01-25 02:22:34.042918,MCB 1 fault detected,Cleared,BE3,True
2025-01-25 04:10:16.852003,Rack structure fault detected,Active,BE15,True
2025-01-26 00:57:02.899083,Grounding system fault detected,Cleared,BE6,True
2025-01-26 18:25:55.300713,PV soiling detected,Active,BE8,True
2025-01-27 02:25:55.300713,PV soiling detected,Cleared,BE8,True
2025-01-27 04:10:16.852003,Rack structure fault detected,Cleared,BE15,False
2025-01-27 08:54:22.861075,PV cell breakage detected,Active,BE10,True
2025-01-27 15:21:56.569521,PV solder bond failure detected,Active,BE11,True
2025-01-29 02:18:17.301345,Encapsulant fault detected,Active,BE16,True
2025-01-29 08:54:22.861075,PV cell breakage detected,Cleared,BE10,True
2025-01-29 12:17:42.077739,Rack structure fault detected,Active,BE15,True
2025-01-29 15:21:56.569521,PV solder bond failure detected,Cleared,BE11,True
2025-01-29 17:24:54.770679,PV shading detected,Active,BE9,True
2025-01-30 01:24:54.770679,PV shading detected,Cleared,BE9,True
2025-01-30 08:27:29.242310,PV interconnect fault detected,Active,BE5,True
2025-01-31 00:13:12.058161,PV shading detected,Active,BE9,True
2025-01-31 02:18:17.301345,Encapsulant fault detected,Cleared,BE16,True
2025-01-31 08:13:12.058161,PV shading detected,Cleared,BE9,True
2025-01-31 08:27:29.242310,PV interconnect fault detected,Cleared,BE5,True
2025-01-31 12:17:42.077739,Rack structure fault detected,Cleared,BE15,False
2025-01-31 21:40:01.170933,PV solder bond failure detected,Active,BE11,True
2025-02-01 05:22:39.287960,PV cell breakage detected,Active,BE10,True
2025-02-02 08:36:42.048524,PV shading detected,Active,BE9,True
2025-02-02 16:36:42.048524,PV shading detected,Cleared,BE9,True
2025-02-02 21:40:01.170933,PV solder bond failure detected,Cleared,BE11,True
2025-02-03 05:22:39.287960,PV cell breakage detected,Cleared,BE10,False
2025-02-03 12:41:55.083357,Rack structure fault detected,Active,BE15,True
2025-02-03 22:34:09.742829,PV interconnect fault detected,Active,BE5,True
2025-02-04 16:00:40.314750,PV solder bond failure detected,Active,BE11,True
2025-02-04 22:34:09.742829,PV interconnect fault detected,Cleared,BE5,True
2025-02-05 12:41:55.083357,Rack structure fault detected,Cleared,BE15,True
2025-02-06 16:00:40.314750,PV solder bond failure detected,Cleared,BE11,False
2025-02-06 22:33:56.564019,Encapsulant fault detected,Active,BE16,True
2025-02-07 05:14:43.380409,PV shading detected,Active,BE9,True
2025-02-07 05:49:50.709334,PV interconnect fault detected,Active,BE5,True
2025-02-07 13:14:43.380409,PV shading detected,Cleared,BE9,True
2025-02-07 20:49:31.009704,PV solder bond failure detected,Active,BE11,True
2025-02-08 05:49:50.709334,PV interconnect fault detected,Cleared,BE5,True
2025-02-08 12:38:53.051730,PV cell breakage detected,Active,BE10,True
2025-02-08 22:33:56.564019,Encapsulant fault detected,Cleared,BE16,True
2025-02-09 10:43:04.934589,PV shading detected,Active,BE9,True
2025-02-09 18:43:04.934589,PV shading detected,Cleared,BE9,True
2025-02-09 20:49:31.009704,PV solder bond failure detected,Cleared,BE11,True
2025-02-10 01:01:19.931766,Encapsulant fault detected,Active,BE16,True
2025-02-10 12:38:53.051730,PV cell breakage detected,Cleared,BE10,True
2025-02-10 19:06:03.984343,PV cell breakage detected,Active,BE10,True
2025-02-10 23:16:20.570526,PV solder bond failure detected,Active,BE11,True
2025-02-12 01:01:19.931766,Encapsulant fault detected,Cleared,BE16,True
2025-02-12 19:06:03.984343,PV cell breakage detected,Cleared,BE10,True
2025-02-12 23:16:20.570526,PV solder bond failure detected,Cleared,BE11,False
2025-02-13 15:25:40.292294,PV shading detected,Active,BE9,True
2025-02-13 23:25:40.292294,PV shading detected,Cleared,BE9,False
2025-02-14 08:07:49.832421,PV solder bond failure detected,Active,BE11,True
2025-02-14 10:04:35.659803,Encapsulant fault detected,Active,BE16,True
2025-02-16 02:43:33.622789,PV glass breakage detected,Active,BE7,True
2025-02-16 08:07:49.832421,PV solder bond failure detected,Cleared,BE11,True
2025-02-16 10:04:35.659803,Encapsulant fault detected,Cleared,BE16,True
2025-02-16 18:55:11.587307,PV interconnect fault detected,Active,BE5,True
2025-02-17 02:43:33.622789,PV glass breakage detected,Cleared,BE7,True
2025-02-17 18:55:11.587307,PV interconnect fault detected,Cleared,BE5,False
2025-02-18 20:55:22.928539,PV interconnect fault detected,Active,BE5,True
2025-02-19 12:58:27.485874,PV shading detected,Active,BE9,True
2025-02-19 13:36:17.260978,PV solder bond failure detected,Active,BE11,True
2025-02-19 14:04:30.176583,PV cell breakage detected,Active,BE10,True
2025-02-19 20:55:22.928539,PV interconnect fault detected,Cleared,BE5,True
2025-02-19 20:58:27.485874,PV shading detected,Cleared,BE9,True
2025-02-20 09:42:01.743455,Rack structure fault detected,Active,BE15,True
2025-02-21 13:36:17.260978,PV solder bond failure detected,Cleared,BE11,True
2025-02-21 14:04:30.176583,PV cell breakage detected,Cleared,BE10,True
2025-02-22 06:36:06.394572,PV shading detected,Active,BE9,True
2025-02-22 09:40:05.810695,PV cell breakage detected,Active,BE10,True
2025-02-22 09:42:01.743455,Rack structure fault detected,Cleared,BE15,True
2025-02-22 14:36:06.394572,PV shading detected,Cleared,BE9,True
2025-02-24 09:40:05.810695,PV cell breakage detected,Cleared,BE10,False
2025-02-24 13:26:47.429775,Rack structure fault detected,Active,BE15,True
2025-02-25 12:12:29.764732,PV solder bond failure detected,Active,BE11,True
2025-02-26 01:48:33.184047,PV cell breakage detected,Active,BE10,True
2025-02-26 13:26:47.429775,Rack structure fault detected,Cleared,BE15,True
2025-02-26 23:13:34.578788,PV interconnect fault detected,Active,BE5,True
2025-02-27 12:12:29.764732,PV solder bond failure detected,Cleared,BE11,True
2025-02-27 17:03:45.599180,PV solder bond failure detected,Active,BE11,True
2025-02-27 23:13:34.578788,PV interconnect fault detected,Cleared,BE5,True
2025-02-28 01:48:33.184047,PV cell breakage detected,Cleared,BE10,True
2025-02-28 03:59:56.305189,Encapsulant fault detected,Active,BE16,True
2025-02-28 09:49:52.174653,PV interconnect fault detected,Active,BE5,True
2025-02-28 21:01:51.545911,PV shading detected,Active,BE9,True
2025-03-01 05:01:51.545911,PV shading detected,Cleared,BE9,True
2025-03-01 09:49:52.174653,PV interconnect fault detected,Cleared,BE5,True
2025-03-01 10:42:19.536946,PV shading detected,Active,BE9,True
2025-03-01 17:03:45.599180,PV solder bond failure detected,Cleared,BE11,True
2025-03-01 17:10:04.805131,PV solder bond failure detected,Active,BE11,True
2025-03-01 18:42:19.536946,PV shading detected,Cleared,BE9,True
2025-03-02 02:31:06.239496,PV shading detected,Active,BE9,True
2025-03-02 03:59:56.305189,Encapsulant fault detected,Cleared,BE16,True
2025-03-02 10:31:06.239496,PV shading detected,Cleared,BE9,True
2025-03-03 01:42:17.110352,Grounding system fault detected,Active,BE6,True
2025-03-03 03:49:26.229410,PV cell breakage detected,Active,BE10,True
2025-03-03 17:10:04.805131,PV solder bond failure detected,Cleared,BE11,True
2025-03-04 00:11:11.170156,PV interconnect fault detected,Active,BE5,True
2025-03-04 01:42:17.110352,Grounding system fault detected,Cleared,BE6,True
2025-03-04 12:32:19.957075,PV solder bond failure detected,Active,BE11,True
2025-03-05 00:11:11.170156,PV interconnect fault detected,Cleared,BE5,True
2025-03-05 03:49:26.229410,PV cell breakage detected,Cleared,BE10,True
2025-03-06 07:47:33.502276,PV interconnect fault detected,Active,BE5,True
2025-03-06 12:32:19.957075,PV solder bond failure detected,Cleared,BE11,True
2025-03-06 18:23:40.914596,PV shading detected,Active,BE9,True
2025-03-07 02:23:40.914596,PV shading detected,Cleared,BE9,True
2025-03-07 03:04:05.551972,Cable aging fault detected,Active,BE18,True
2025-03-07 06:00:44.054977,PV soiling detected,Active,BE8,True
2025-03-07 07:04:05.551972,Cable aging fault detected,Cleared,BE18,True
2025-03-07 07:47:33.502276,PV interconnect fault detected,Cleared,BE5,True
2025-03-07 14:00:44.054977,PV soiling detected,Cleared,BE8,False
2025-03-07 20:48:47.173413,PV shading detected,Active,BE9,True
2025-03-07 22:50:54.562321,Grounding system fault detected,Active,BE6,True
2025-03-08 00:56:29.980494,PV interconnect fault detected,Active,BE5,True
2025-03-08 04:48:47.173413,PV shading detected,Cleared,BE9,True
2025-03-08 15:01:07.264505,PV solder bond failure detected,Active,BE11,True
2025-03-08 22:50:54.562321,Grounding system fault detected,Cleared,BE6,True
2025-03-09 00:56:29.980494,PV interconnect fault detected,Cleared,BE5,True
2025-03-09 14:15:20.318735,Encapsulant fault detected,Active,BE16,True
2025-03-10 10:17:41.526477,PV shading detected,Active,BE9,True
2025-03-10 15:01:07.264505,PV solder bond failure detected,Cleared,BE11,True
2025-03-10 18:17:41.526477,PV shading detected,Cleared,BE9,True
2025-03-11 06:29:44.234128,PV shading detected,Active,BE9,True
2025-03-11 14:15:20.318735,Encapsulant fault detected,Cleared,BE16,True
2025-03-11 14:29:44.234128,PV shading detected,Cleared,BE9,False
2025-03-11 14:32:03.852005,PV glass breakage detected,Active,BE7,True
2025-03-12 04:00:45.444063,PV solder bond failure detected,Active,BE11,True
2025-03-12 07:54:01.343425,PV cell breakage detected,Active,BE10,True
2025-03-12 14:32:03.852005,PV glass breakage detected,Cleared,BE7,True
2025-03-12 19:00:39.347344,Encapsulant fault detected,Active,BE16,True
2025-03-13 01:02:22.187907,PV shading detected,Active,BE9,True
2025-03-13 09:02:22.187907,PV shading detected,Cleared,BE9,True
2025-03-14 04:00:45.444063,PV solder bond failure detected,Cleared,BE11,True
2025-03-14 07:54:01.343425,PV cell breakage detected,Cleared,BE10,True
2025-03-14 19:00:39.347344,Encapsulant fault detected,Cleared,BE16,False
2025-03-15 10:05:10.287924,PV hot spot detected,Active,BE12,True
2025-03-15 12:48:28.997481,Encapsulant fault detected,Active,BE16,True
2025-03-15 13:45:26.848168,PV shading detected,Active,BE9,True
2025-03-15 21:45:26.848168,PV shading detected,Cleared,BE9,True
2025-03-16 10:05:10.287924,PV hot spot detected,Cleared,BE12,True
2025-03-17 12:48:28.997481,Encapsulant fault detected,Cleared,BE16,False
2025-03-17 16:41:46.062057,PV solder bond failure detected,Active,BE11,True
2025-03-18 05:59:37.542253,PV shading detected,Active,BE9,True
2025-03-18 13:59:37.542253,PV shading detected,Cleared,BE9,True
2025-03-18 17:49:43.003358,Short/open circuit fault detected,Active,BE14,True
2025-03-19 05:49:43.003358,Short/open circuit fault detected,Cleared,BE14,True
2025-03-19 16:41:46.062057,PV solder bond failure detected,Cleared,BE11,False
2025-03-19 18:46:28.454778,PV shading detected,Active,BE9,True
2025-03-20 02:46:28.454778,PV shading detected,Cleared,BE9,False
2025-03-20 16:49:56.856103,Grounding system fault detected,Active,BE6,True
2025-03-20 17:11:26.668651,PV solder bond failure detected,Active,BE11,True
2025-03-21 12:38:31.413051,PV cell breakage detected,Active,BE10,True
2025-03-21 16:49:56.856103,Grounding system fault detected,Cleared,BE6,True
2025-03-22 17:11:26.668651,PV solder bond failure detected,Cleared,BE11,True
2025-03-23 12:38:31.413051,PV cell breakage detected,Cleared,BE10,False
2025-03-24 14:19:28.860200,PV cell breakage detected,Active,BE10,True
2025-03-24 18:57:12.579346,Grounding system fault detected,Active,BE6,True
2025-03-25 18:57:12.579346,Grounding system fault detected,Cleared,BE6,True
2025-03-25 22:38:25.303960,PV solder bond failure detected,Active,BE11,True
2025-03-26 02:01:54.043405,Encapsulant fault detected,Active,BE16,True
2025-03-26 14:19:28.860200,PV cell breakage detected,Cleared,BE10,True
2025-03-27 22:38:25.303960,PV solder bond failure detected,Cleared,BE11,True
2025-03-28 02:01:54.043405,Encapsulant fault detected,Cleared,BE16,False
2025-03-28 20:51:49.292730,PV interconnect fault detected,Active,BE5,True
2025-03-29 06:40:38.737027,PV shading detected,Active,BE9,True
2025-03-29 14:40:38.737027,PV shading detected,Cleared,BE9,True
2025-03-29 20:51:49.292730,PV interconnect fault detected,Cleared,BE5,False
2025-03-31 14:36:42.362238,PV cell breakage detected,Active,BE10,True
2025-04-01 00:57:25.285804,PV shading detected,Active,BE9,True
2025-04-01 01:46:26.505217,MCB 1 fault detected,Active,BE3,True
2025-04-01 08:57:25.285804,PV shading detected,Cleared,BE9,True
2025-04-01 11:20:48.372262,PV solder bond failure detected,Active,BE11,True
2025-04-01 11:46:26.505217,MCB 1 fault detected,Cleared,BE3,True
2025-04-02 11:57:02.485595,MCB 2 fault detected,Active,BE4,True
2025-04-02 14:36:42.362238,PV cell breakage detected,Cleared,BE10,True
2025-04-02 21:57:02.485595,MCB 2 fault detected,Cleared,BE4,True
2025-04-03 11:20:48.372262,PV solder bond failure detected,Cleared,BE11,False
2025-04-03 19:56:06.639800,PV solder bond failure detected,Active,BE11,True
2025-04-03 21:50:31.870143,Encapsulant fault detected,Active,BE16,True
2025-04-04 00:48:00.573957,PV cell breakage detected,Active,BE10,True
2025-04-04 06:57:36.711716,PV shading detected,Active,BE9,True
2025-04-04 14:57:36.711716,PV shading detected,Cleared,BE9,True
2025-04-05 19:56:06.639800,PV solder bond failure detected,Cleared,BE11,True
2025-04-05 21:50:31.870143,Encapsulant fault detected,Cleared,BE16,True
2025-04-06 00:48:00.573957,PV cell breakage detected,Cleared,BE10,False
2025-04-08 03:37:23.831784,Grounding system fault detected,Active,BE6,True
2025-04-08 10:39:05.678387,Encapsulant fault detected,Active,BE16,True
2025-04-09 03:37:23.831784,Grounding system fault detected,Cleared,BE6,True
2025-04-09 20:26:08.520463,PV cell breakage detected,Active,BE10,True
2025-04-09 23:16:18.437335,PV interconnect fault detected,Active,BE5,True
2025-04-10 10:39:05.678387,Encapsulant fault detected,Cleared,BE16,True
2025-04-10 23:16:18.437335,PV interconnect fault detected,Cleared,BE5,True
2025-04-11 20:26:08.520463,PV cell breakage detected,Cleared,BE10,False
2025-04-12 19:52:32.731114,PV cell breakage detected,Active,BE10,True
2025-04-13 05:53:23.396009,PV interconnect fault detected,Active,BE5,True
2025-04-13 11:30:33.840386,Rack structure fault detected,Active,BE15,True
2025-04-14 05:53:23.396009,PV interconnect fault detected,Cleared,BE5,True
2025-04-14 10:02:48.716405,PV solder bond failure detected,Active,BE11,True
2025-04-14 11:40:31.219247,PV interconnect fault detected,Active,BE5,True
2025-04-14 19:52:32.731114,PV cell breakage detected,Cleared,BE10,True
2025-04-14 19:58:31.992720,PV cell breakage detected,Active,BE10,True
2025-04-15 11:30:33.840386,Rack structure fault detected,Cleared,BE15,True
2025-04-15 11:39:46.788095,Fuse installation fault detected,Active,BE2,True
2025-04-15 11:40:31.219247,PV interconnect fault detected,Cleared,BE5,True
2025-04-15 15:39:46.788095,Fuse installation fault detected,Cleared,BE2,True
2025-04-16 06:54:30.392313,PV shading detected,Active,BE9,True
2025-04-16 10:02:48.716405,PV solder bond failure detected,Cleared,BE11,True
2025-04-16 14:54:30.392313,PV shading detected,Cleared,BE9,True
2025-04-16 19:58:31.992720,PV cell breakage detected,Cleared,BE10,False
2025-04-17 01:39:46.853922,PV cell breakage detected,Active,BE10,True
2025-04-17 22:38:49.854670,PV interconnect fault detected,Active,BE5,True
2025-04-18 08:11:54.252981,PV shading detected,Active,BE9,True
2025-04-18 16:11:54.252981,PV shading detected,Cleared,BE9,True
2025-04-18 22:38:49.854670,PV interconnect fault detected,Cleared,BE5,True
2025-04-19 01:39:46.853922,PV cell breakage detected,Cleared,BE10,False
2025-04-19 09:09:05.376682,PV cell breakage detected,Active,BE10,True
2025-04-19 17:03:28.278467,Encapsulant fault detected,Active,BE16,True
2025-04-20 08:00:33.154242,PV shading detected,Active,BE9,True
2025-04-20 13:15:16.214093,MCB 2 fault detected,Active,BE4,True
2025-04-20 16:00:33.154242,PV shading detected,Cleared,BE9,True
2025-04-20 23:15:16.214093,MCB 2 fault detected,Cleared,BE4,True
2025-04-21 09:09:05.376682,PV cell breakage detected,Cleared,BE10,True
2025-04-21 17:03:28.278467,Encapsulant fault detected,Cleared,BE16,False
2025-04-24 06:49:43.351408,Grounding system fault detected,Active,BE6,True
2025-04-24 09:41:37.239923,PV interconnect fault detected,Active,BE5,True
2025-04-25 06:49:43.351408,Grounding system fault detected,Cleared,BE6,True
2025-04-25 09:41:37.239923,PV interconnect fault detected,Cleared,BE5,False
2025-04-25 13:05:16.792436,PV solder bond failure detected,Active,BE11,True
2025-04-27 09:23:41.490858,PV interconnect fault detected,Active,BE5,True
2025-04-27 13:05:16.792436,PV solder bond failure detected,Cleared,BE11,True
2025-04-27 20:24:48.949538,PV shading detected,Active,BE9,True
2025-04-28 04:24:48.949538,PV shading detected,Cleared,BE9,True
2025-04-28 09:23:41.490858,PV interconnect fault detected,Cleared,BE5,False
2025-04-29 10:11:07.735524,PV interconnect fault detected,Active,BE5,True
2025-04-29 20:03:07.832933,Grounding system fault detected,Active,BE6,True
2025-04-30 06:30:14.760261,Rack structure fault detected,Active,BE15,True
2025-04-30 10:11:07.735524,PV interconnect fault detected,Cleared,BE5,True
2025-04-30 10:56:32.503468,PV glass breakage detected,Active,BE7,True
2025-04-30 15:03:37.550113,PV shading detected,Active,BE9,True
2025-04-30 20:03:07.832933,Grounding system fault detected,Cleared,BE6,True
2025-04-30 21:12:08.647582,Short/open circuit fault detected,Active,BE14,True
2025-04-30 23:03:37.550113,PV shading detected,Cleared,BE9,True
2025-05-01 07:22:21.246406,PV shading detected,Active,BE9,True
2025-05-01 09:12:08.647582,Short/open circuit fault detected,Cleared,BE14,True
2025-05-01 10:56:32.503468,PV glass breakage detected,Cleared,BE7,True
2025-05-01 15:22:21.246406,PV shading detected,Cleared,BE9,True
2025-05-01 23:30:05.841518,PV shading detected,Active,BE9,True
2025-05-02 06:30:14.760261,Rack structure fault detected,Cleared,BE15,True
2025-05-02 07:20:10.019813,Rack structure fault detected,Active,BE15,True
2025-05-02 07:30:05.841518,PV shading detected,Cleared,BE9,True
2025-05-02 13:30:56.287089,PV interconnect fault detected,Active,BE5,True
2025-05-03 13:30:56.287089,PV interconnect fault detected,Cleared,BE5,True
2025-05-04 07:20:10.019813,Rack structure fault detected,Cleared,BE15,False
2025-05-04 07:26:36.144589,PV shading detected,Active,BE9,True
2025-05-04 15:26:36.144589,PV shading detected,Cleared,BE9,False
2025-05-05 07:26:39.710946,PV solder bond failure detected,Active,BE11,True
2025-05-05 13:51:34.685073,PV interconnect fault detected,Active,BE5,True
2025-05-06 05:26:15.341537,Encapsulant fault detected,Active,BE16,True
2025-05-06 13:51:34.685073,PV interconnect fault detected,Cleared,BE5,True
2025-05-06 20:50:29.770314,PV cell breakage detected,Active,BE10,True
2025-05-07 02:25:48.932058,Rack structure fault detected,Active,BE15,True
2025-05-07 07:26:39.710946,PV solder bond failure detected,Cleared,BE11,True
2025-05-08 05:26:15.341537,Encapsulant fault detected,Cleared,BE16,True
2025-05-08 20:50:29.770314,PV cell breakage detected,Cleared,BE10,True
2025-05-09 02:25:48.932058,Rack structure fault detected,Cleared,BE15,False
2025-05-09 04:50:35.155200,PV shading detected,Active,BE9,True
2025-05-09 12:50:35.155200,PV shading detected,Cleared,BE9,False
2025-05-10 02:14:33.978615,PV solder bond failure detected,Active,BE11,True
2025-05-10 08:57:33.137879,PV shading detected,Active,BE9,True
2025-05-10 13:35:15.958119,PV interconnect fault detected,Active,BE5,True
2025-05-10 16:57:33.137879,PV shading detected,Cleared,BE9,True
2025-05-11 13:35:15.958119,PV interconnect fault detected,Cleared,BE5,True
2025-05-12 02:14:33.978615,PV solder bond failure detected,Cleared,BE11,False
2025-05-12 15:27:13.933672,MCB 2 fault detected,Active,BE4,False
2025-05-12 20:31:27.289076,PV cell breakage detected,Active,BE10,True
2025-05-12 23:01:57.838997,Encapsulant fault detected,Active,BE16,True
2025-05-13 01:27:13.933672,MCB 2 fault detected,Cleared,BE4,True
2025-05-14 15:35:38.651011,Grounding system fault detected,Active,BE6,True
2025-05-14 20:31:27.289076,PV cell breakage detected,Cleared,BE10,True
2025-05-14 23:01:57.838997,Encapsulant fault detected,Cleared,BE16,True
2025-05-15 13:23:28.822104,PV solder bond failure detected,Active,BE11,True
2025-05-15 15:35:38.651011,Grounding system fault detected,Cleared,BE6,True
2025-05-16 18:53:29.260558,PV shading detected,Active,BE9,True
2025-05-16 20:37:26.836368,Encapsulant fault detected,Active,BE16,True
2025-05-17 02:53:29.260558,PV shading detected,Cleared,BE9,True
2025-05-17 07:36:06.680047,PV cell breakage detected,Active,BE10,True
2025-05-17 13:23:28.822104,PV solder bond failure detected,Cleared,BE11,True
2025-05-17 23:26:00.271033,PV interconnect fault detected,Active,BE5,True
2025-05-18 02:50:02.250624,PV solder bond failure detected,Active,BE11,True
2025-05-18 06:15:24.799406,Rack structure fault detected,Active,BE15,True
2025-05-18 20:37:26.836368,Encapsulant fault detected,Cleared,BE16,True
2025-05-18 23:26:00.271033,PV interconnect fault detected,Cleared,BE5,True
2025-05-19 07:36:06.680047,PV cell breakage detected,Cleared,BE10,True
2025-05-20 02:46:37.484554,PV cell breakage detected,Active,BE10,True
2025-05-20 02:50:02.250624,PV solder bond failure detected,Cleared,BE11,True
2025-05-20 06:15:24.799406,Rack structure fault detected,Cleared,BE15,True
2025-05-20 19:27:19.041023,PV interconnect fault detected,Active,BE5,True
2025-05-21 19:27:19.041023,PV interconnect fault detected,Cleared,BE5,True
2025-05-22 02:46:37.484554,PV cell breakage detected,Cleared,BE10,False
2025-05-22 21:29:17.060621,PV cell breakage detected,Active,BE10,True
2025-05-23 02:56:45.234136,Rack structure fault detected,Active,BE15,True
2025-05-24 10:40:25.256109,PV shading detected,Active,BE9,True
2025-05-24 18:40:25.256109,PV shading detected,Cleared,BE9,True
2025-05-24 21:29:17.060621,PV cell breakage detected,Cleared,BE10,True
2025-05-25 02:56:45.234136,Rack structure fault detected,Cleared,BE15,False
2025-05-25 08:10:25.969307,PV cell breakage detected,Active,BE10,True
2025-05-26 22:13:13.580393,PV solder bond failure detected,Active,BE11,True
2025-05-27 08:10:25.969307,PV cell breakage detected,Cleared,BE10,True
2025-05-27 09:42:09.655914,Grounding system fault detected,Active,BE6,True
2025-05-28 09:42:09.655914,Grounding system fault detected,Cleared,BE6,True
2025-05-28 22:13:13.580393,PV solder bond failure detected,Cleared,BE11,False
2025-05-29 08:13:01.915700,PV shading detected,Active,BE9,True
2025-05-29 16:13:01.915700,PV shading detected,Cleared,BE9,False
2025-05-29 17:40:10.790218,Grounding system fault detected,Active,BE6,True
2025-05-30 04:03:52.801765,PV shading detected,Active,BE9,True
2025-05-30 05:00:49.690354,PV solder bond failure detected,Active,BE11,True
2025-05-30 12:03:52.801765,PV shading detected,Cleared,BE9,True
2025-05-30 17:40:10.790218,Grounding system fault detected,Cleared,BE6,True
2025-05-31 15:26:10.658931,Grounding system fault detected,Active,BE6,True
2025-06-01 05:00:49.690354,PV solder bond failure detected,Cleared,BE11,True
2025-06-01 15:26:10.658931,Grounding system fault detected,Cleared,BE6,False
2025-06-01 19:11:11.723326,Encapsulant fault detected,Active,BE16,True
2025-06-02 01:32:00.758563,PV interconnect fault detected,Active,BE5,True
2025-06-02 02:04:19.559499,Rack structure fault detected,Active,BE15,True
2025-06-02 03:17:44.175660,PV solder bond failure detected,Active,BE11,True
2025-06-03 01:32:00.758563,PV interconnect fault detected,Cleared,BE5,True
2025-06-03 18:49:13.779177,PV interconnect fault detected,Active,BE5,True
2025-06-03 19:11:11.723326,Encapsulant fault detected,Cleared,BE16,True
2025-06-04 02:04:19.559499,Rack structure fault detected,Cleared,BE15,True
2025-06-04 03:17:44.175660,PV solder bond failure detected,Cleared,BE11,True
2025-06-04 18:49:13.779177,PV interconnect fault detected,Cleared,BE5,False
2025-06-05 01:31:19.761878,PV solder bond failure detected,Active,BE11,True
2025-06-05 03:40:44.252371,PV interconnect fault detected,Active,BE5,True
2025-06-06 03:40:44.252371,PV interconnect fault detected,Cleared,BE5,True
2025-06-06 21:11:11.767588,PV shading detected,Active,BE9,True
2025-06-07 01:31:19.761878,PV solder bond failure detected,Cleared,BE11,True
2025-06-07 05:02:13.908498,PV interconnect fault detected,Active,BE5,True
2025-06-07 05:11:11.767588,PV shading detected,Cleared,BE9,True
2025-06-07 12:59:34.533784,Grounding system fault detected,Active,BE6,True
2025-06-08 05:02:13.908498,PV interconnect fault detected,Cleared,BE5,True
2025-06-08 11:14:32.615353,PV solder bond failure detected,Active,BE11,True
2025-06-08 12:59:34.533784,Grounding system fault detected,Cleared,BE6,True
2025-06-08 19:48:41.015399,PV shading detected,Active,BE9,True
2025-06-09 00:20:30.151509,Rack structure fault detected,Active,BE15,True
2025-06-09 03:48:41.015399,PV shading detected,Cleared,BE9,True
2025-06-09 18:44:32.934384,Grounding system fault detected,Active,BE6,True
2025-06-10 11:14:32.615353,PV solder bond failure detected,Cleared,BE11,True
2025-06-10 14:20:12.471838,PV interconnect fault detected,Active,BE5,True
2025-06-10 18:44:32.934384,Grounding system fault detected,Cleared,BE6,True
2025-06-10 19:21:25.668815,PV solder bond failure detected,Active,BE11,True
2025-06-11 00:20:30.151509,Rack structure fault detected,Cleared,BE15,True
2025-06-11 14:20:12.471838,PV interconnect fault detected,Cleared,BE5,True
2025-06-12 19:21:25.668815,PV solder bond failure detected,Cleared,BE11,False
2025-06-13 09:33:41.449662,PV shading detected,Active,BE9,True
2025-06-13 17:33:41.449662,PV shading detected,Cleared,BE9,False
2025-06-14 09:13:23.250097,Encapsulant fault detected,Active,BE16,True
2025-06-14 17:33:38.380535,PV cell breakage detected,Active,BE10,True
2025-06-16 09:13:23.250097,Encapsulant fault detected,Cleared,BE16,True
2025-06-16 17:33:38.380535,PV cell breakage detected,Cleared,BE10,False
2025-06-18 09:14:05.916598,PV shading detected,Active,BE9,True
2025-06-18 17:14:05.916598,PV shading detected,Cleared,BE9,False
2025-06-18 21:02:04.650712,PV hot spot detected,Active,BE12,True
2025-06-18 21:07:50.697173,PV solder bond failure detected,Active,BE11,True
2025-06-19 07:52:08.092352,PV cell breakage detected,Active,BE10,True
2025-06-19 21:02:04.650712,PV hot spot detected,Cleared,BE12,True
2025-06-20 03:42:56.769909,PV shading detected,Active,BE9,True
2025-06-20 05:14:28.070457,PV interconnect fault detected,Active,BE5,True
2025-06-20 11:42:56.769909,PV shading detected,Cleared,BE9,True
2025-06-20 21:07:50.697173,PV solder bond failure detected,Cleared,BE11,True
2025-06-21 02:08:56.797510,PV solder bond failure detected,Active,BE11,True
2025-06-21 05:14:28.070457,PV interconnect fault detected,Cleared,BE5,True
2025-06-21 07:52:08.092352,PV cell breakage detected,Cleared,BE10,True
2025-06-22 14:34:31.117048,Rack structure fault detected,Active,BE15,True
2025-06-22 18:11:42.526213,PV cell breakage detected,Active,BE10,True
2025-06-23 02:08:56.797510,PV solder bond failure detected,Cleared,BE11,True
2025-06-24 01:53:18.789289,PV glass breakage detected,Active,BE7,True
2025-06-24 14:34:31.117048,Rack structure fault detected,Cleared,BE15,True
2025-06-24 18:11:42.526213,PV cell breakage detected,Cleared,BE10,True
2025-06-24 18:13:41.555216,Rack structure fault detected,Active,BE15,True
2025-06-25 01:53:18.789289,PV glass breakage detected,Cleared,BE7,True
2025-06-26 05:29:51.065489,PV cell breakage detected,Active,BE10,True
2025-06-26 18:13:41.555216,Rack structure fault detected,Cleared,BE15,True
2025-06-27 04:50:16.027461,Rack structure fault detected,Active,BE15,True
2025-06-27 06:56:36.068986,PV shading detected,Active,BE9,True
2025-06-27 12:13:12.984618,PV interconnect fault detected,Active,BE5,True
2025-06-27 14:56:36.068986,PV shading detected,Cleared,BE9,True
2025-06-28 05:29:51.065489,PV cell breakage detected,Cleared,BE10,True
2025-06-28 12:13:12.984618,PV interconnect fault detected,Cleared,BE5,True
2025-06-29 04:50:16.027461,Rack structure fault detected,Cleared,BE15,False
2025-06-29 16:52:28.795475,PV interconnect fault detected,Active,BE5,True
2025-06-30 05:28:33.334586,PV cell breakage detected,Active,BE10,True
2025-06-30 16:52:28.795475,PV interconnect fault detected,Cleared,BE5,True
2025-06-30 17:30:13.358267,PV solder bond failure detected,Active,BE11,True
2025-07-01 08:34:54.483069,PV interconnect fault detected,Active,BE5,True
2025-07-01 10:29:39.477339,Diode fault detected,Active,BE13,True
2025-07-01 15:20:00.445202,Grounding system fault detected,Active,BE6,True
2025-07-02 05:28:33.334586,PV cell breakage detected,Cleared,BE10,True
2025-07-02 08:34:54.483069,PV interconnect fault detected,Cleared,BE5,True
2025-07-02 10:29:39.477339,Diode fault detected,Cleared,BE13,True
2025-07-02 15:20:00.445202,Grounding system fault detected,Cleared,BE6,True
2025-07-02 17:30:13.358267,PV solder bond failure detected,Cleared,BE11,False
2025-07-03 07:35:53.017202,PV solder bond failure detected,Active,BE11,True
2025-07-04 18:54:14.796483,PV cell breakage detected,Active,BE10,True
2025-07-05 07:35:53.017202,PV solder bond failure detected,Cleared,BE11,True
2025-07-05 13:38:19.890615,PV solder bond failure detected,Active,BE11,True
2025-07-05 16:17:18.591767,PV shading detected,Active,BE9,True
2025-07-06 00:17:18.591767,PV shading detected,Cleared,BE9,True
2025-07-06 18:54:14.796483,PV cell breakage detected,Cleared,BE10,True
2025-07-06 20:25:21.862306,PV interconnect fault detected,Active,BE5,True
2025-07-07 13:38:19.890615,PV solder bond failure detected,Cleared,BE11,True
2025-07-07 20:25:21.862306,PV interconnect fault detected,Cleared,BE5,False
2025-07-08 10:51:18.890292,PV shading detected,Active,BE9,True
2025-07-08 16:30:23.445981,PV interconnect fault detected,Active,BE5,True
2025-07-08 18:51:18.890292,PV shading detected,Cleared,BE9,True
2025-07-08 18:58:13.859260,PV cell breakage detected,Active,BE10,True
2025-07-09 04:05:08.714313,PV soiling detected,Active,BE8,True
2025-07-09 12:05:08.714313,PV soiling detected,Cleared,BE8,True
2025-07-09 16:30:23.445981,PV interconnect fault detected,Cleared,BE5,True
2025-07-10 05:51:05.568268,Encapsulant fault detected,Active,BE16,True
2025-07-10 13:50:04.394378,Grounding system fault detected,Active,BE6,True
2025-07-10 17:31:39.268599,PV solder bond failure detected,Active,BE11,True
2025-07-10 18:58:13.859260,PV cell breakage detected,Cleared,BE10,True
2025-07-11 00:55:45.070566,PV interconnect fault detected,Active,BE5,True
2025-07-11 01:24:36.733769,PV cell breakage detected,Active,BE10,True
2025-07-11 02:23:50.936914,MCB 2 fault detected,Active,BE4,True
2025-07-11 12:23:50.936914,MCB 2 fault detected,Cleared,BE4,True
2025-07-11 13:50:04.394378,Grounding system fault detected,Cleared,BE6,True
2025-07-12 00:55:45.070566,PV interconnect fault detected,Cleared,BE5,True
2025-07-12 04:30:53.154473,Cable aging fault detected,Active,BE18,True
2025-07-12 05:51:05.568268,Encapsulant fault detected,Cleared,BE16,True
2025-07-12 08:30:53.154473,Cable aging fault detected,Cleared,BE18,True
2025-07-12 17:31:39.268599,PV solder bond failure detected,Cleared,BE11,True
2025-07-12 19:05:17.609891,PV shading detected,Active,BE9,True
2025-07-12 20:10:51.008754,PV interconnect fault detected,Active,BE5,True
2025-07-13 01:24:36.733769,PV cell breakage detected,Cleared,BE10,True
2025-07-13 03:05:17.609891,PV shading detected,Cleared,BE9,True
2025-07-13 03:14:46.597155,PV solder bond failure detected,Active,BE11,True
2025-07-13 20:10:51.008754,PV interconnect fault detected,Cleared,BE5,True
2025-07-14 05:08:43.783485,Rack structure fault detected,Active,BE15,True
2025-07-14 09:47:50.994852,PV interconnect fault detected,Active,BE5,True
2025-07-15 03:14:46.597155,PV solder bond failure detected,Cleared,BE11,True
2025-07-15 09:47:50.994852,PV interconnect fault detected,Cleared,BE5,True
2025-07-16 05:08:43.783485,Rack structure fault detected,Cleared,BE15,False
2025-07-16 21:01:11.700457,Rack structure fault detected,Active,BE15,True
2025-07-16 23:08:59.237600,PV solder bond failure detected,Active,BE11,True
2025-07-17 15:50:05.529636,PV cell breakage detected,Active,BE10,True
2025-07-18 21:01:11.700457,Rack structure fault detected,Cleared,BE15,True
2025-07-18 23:08:59.237600,PV solder bond failure detected,Cleared,BE11,True
2025-07-19 15:50:05.529636,PV cell breakage detected,Cleared,BE10,False
2025-07-19 16:01:18.352876,PV soiling detected,Active,BE8,True
2025-07-19 17:31:54.184786,PV solder bond failure detected,Active,BE11,True
2025-07-20 00:01:18.352876,PV soiling detected,Cleared,BE8,True
2025-07-20 03:42:47.952506,PV cell breakage detected,Active,BE10,True
2025-07-20 15:40:18.516140,Encapsulant fault detected,Active,BE16,True
2025-07-21 03:58:55.108202,Grounding system fault detected,Active,BE6,True
2025-07-21 17:31:54.184786,PV solder bond failure detected,Cleared,BE11,True
2025-07-22 03:42:47.952506,PV cell breakage detected,Cleared,BE10,True
2025-07-22 03:58:55.108202,Grounding system fault detected,Cleared,BE6,True
2025-07-22 08:50:12.170785,PV solder bond failure detected,Active,BE11,True
2025-07-22 10:53:45.332898,PV shading detected,Active,BE9,True
2025-07-22 15:40:18.516140,Encapsulant fault detected,Cleared,BE16,True
2025-07-22 18:53:45.332898,PV shading detected,Cleared,BE9,True
2025-07-24 08:50:12.170785,PV solder bond failure detected,Cleared,BE11,False
2025-07-24 12:46:54.870178,PV interconnect fault detected,Active,BE5,True
2025-07-24 23:32:46.609699,PV cell breakage detected,Active,BE10,True
2025-07-25 12:46:54.870178,PV interconnect fault detected,Cleared,BE5,True
2025-07-25 19:56:54.380665,Short/open circuit fault detected,Active,BE14,True
2025-07-25 21:32:19.295931,Rack structure fault detected,Active,BE15,True
2025-07-26 07:56:54.380665,Short/open circuit fault detected,Cleared,BE14,True
2025-07-26 16:09:53.934893,PV solder bond failure detected,Active,BE11,True
2025-07-26 23:32:46.609699,PV cell breakage detected,Cleared,BE10,True
2025-07-27 01:52:24.760647,PV soiling detected,Active,BE8,True
2025-07-27 09:52:24.760647,PV soiling detected,Cleared,BE8,True
2025-07-27 10:23:11.441986,MCB 1 fault detected,Active,BE3,True
2025-07-27 20:23:11.441986,MCB 1 fault detected,Cleared,BE3,True
2025-07-27 21:32:19.295931,Rack structure fault detected,Cleared,BE15,True
2025-07-28 11:42:44.187515,Grounding system fault detected,Active,BE6,True
2025-07-28 16:09:53.934893,PV solder bond failure detected,Cleared,BE11,True
2025-07-28 17:15:14.965407,PV shading detected,Active,BE9,True
2025-07-29 01:15:14.965407,PV shading detected,Cleared,BE9,True
2025-07-29 03:35:47.391917,PV shading detected,Active,BE9,True
2025-07-29 11:35:47.391917,PV shading detected,Cleared,BE9,True
2025-07-29 11:42:44.187515,Grounding system fault detected,Cleared,BE6,False
2025-07-30 01:37:27.789669,PV cell breakage detected,Active,BE10,True
2025-07-30 03:00:15.531310,PV shading detected,Active,BE9,True
2025-07-30 11:00:15.531310,PV shading detected,Cleared,BE9,True
2025-07-31 03:15:41.832740,PV solder bond failure detected,Active,BE11,True
2025-07-31 09:33:42.424684,PV shading detected,Active,BE9,True
2025-07-31 17:33:42.424684,PV shading detected,Cleared,BE9,True
2025-08-01 01:37:27.789669,PV cell breakage detected,Cleared,BE10,True
2025-08-01 06:57:46.683723,PV cell breakage detected,Active,BE10,True
2025-08-02 03:15:41.832740,PV solder bond failure detected,Cleared,BE11,True
2025-08-02 11:47:44.163316,PV shading detected,Active,BE9,True
2025-08-02 14:25:59.012907,Rack structure fault detected,Active,BE15,True
2025-08-02 17:54:40.484310,PV interconnect fault detected,Active,BE5,True
2025-08-02 19:47:44.163316,PV shading detected,Cleared,BE9,True
2025-08-03 06:57:46.683723,PV cell breakage detected,Cleared,BE10,True
2025-08-03 17:54:40.484310,PV interconnect fault detected,Cleared,BE5,True
2025-08-04 14:25:59.012907,Rack structure fault detected,Cleared,BE15,False
2025-08-06 18:00:17.699762,Rack structure fault detected,Active,BE15,True
2025-08-06 18:29:01.313440,PV cell breakage detected,Active,BE10,True
2025-08-06 23:07:46.045340,PV solder bond failure detected,Active,BE11,True
2025-08-07 00:25:52.192794,PV shading detected,Active,BE9,True
2025-08-07 08:25:52.192794,PV shading detected,Cleared,BE9,True
2025-08-07 14:31:57.245543,PV shading detected,Active,BE9,True
2025-08-07 22:31:57.245543,PV shading detected,Cleared,BE9,True
2025-08-08 18:00:17.699762,Rack structure fault detected,Cleared,BE15,True
2025-08-08 18:29:01.313440,PV cell breakage detected,Cleared,BE10,True
2025-08-08 23:07:46.045340,PV solder bond failure detected,Cleared,BE11,False
2025-08-09 05:44:12.838955,PV cell breakage detected,Active,BE10,True
2025-08-09 22:56:12.034175,PV interconnect fault detected,Active,BE5,True
2025-08-10 22:56:12.034175,PV interconnect fault detected,Cleared,BE5,True
2025-08-11 05:44:12.838955,PV cell breakage detected,Cleared,BE10,False
2025-08-12 03:38:02.848544,PV interconnect fault detected,Active,BE5,True
2025-08-12 10:14:50.005292,Grounding system fault detected,Active,BE6,True
2025-08-12 10:18:47.732766,MCB 1 fault detected,Active,BE3,True
2025-08-12 19:25:57.812320,Rack structure fault detected,Active,BE15,True
2025-08-12 20:18:47.732766,MCB 1 fault detected,Cleared,BE3,True
2025-08-12 22:28:45.577494,PV shading detected,Active,BE9,True
2025-08-13 03:38:02.848544,PV interconnect fault detected,Cleared,BE5,True
2025-08-13 06:28:45.577494,PV shading detected,Cleared,BE9,True
2025-08-13 09:18:59.245727,PV interconnect fault detected,Active,BE5,True
2025-08-13 10:14:50.005292,Grounding system fault detected,Cleared,BE6,True
2025-08-14 09:18:59.245727,PV interconnect fault detected,Cleared,BE5,True
2025-08-14 19:25:57.812320,Rack structure fault detected,Cleared,BE15,False
2025-08-16 10:56:38.681013,Encapsulant fault detected,Active,BE16,True
2025-08-18 01:02:33.244528,PV shading detected,Active,BE9,True
2025-08-18 09:02:33.244528,PV shading detected,Cleared,BE9,True
2025-08-18 10:34:39.932210,PV solder bond failure detected,Active,BE11,True
2025-08-18 10:56:38.681013,Encapsulant fault detected,Cleared,BE16,True
2025-08-18 15:28:31.104743,Cable aging fault detected,Active,BE18,True
2025-08-18 19:28:31.104743,Cable aging fault detected,Cleared,BE18,True
2025-08-20 10:34:39.932210,PV solder bond failure detected,Cleared,BE11,False
2025-08-20 11:21:08.686960,Rack structure fault detected,Active,BE15,True
2025-08-21 09:01:57.396591,PV cell breakage detected,Active,BE10,True
2025-08-22 01:08:07.903128,Grounding system fault detected,Active,BE6,True
2025-08-22 10:23:52.003615,PV shading detected,Active,BE9,True
2025-08-22 11:21:08.686960,Rack structure fault detected,Cleared,BE15,True
2025-08-22 18:23:52.003615,PV shading detected,Cleared,BE9,True
2025-08-23 01:08:07.903128,Grounding system fault detected,Cleared,BE6,True
2025-08-23 09:01:57.396591,PV cell breakage detected,Cleared,BE10,False
2025-08-24 11:09:17.740818,PV shading detected,Active,BE9,True
2025-08-24 19:09:17.740818,PV shading detected,Cleared,BE9,False
2025-08-24 21:44:21.691184,PV interconnect fault detected,Active,BE5,True
2025-08-25 04:25:03.081254,Rack structure fault detected,Active,BE15,True
2025-08-25 12:30:42.026027,PV shading detected,Active,BE9,True
2025-08-25 20:30:42.026027,PV shading detected,Cleared,BE9,True
2025-08-25 21:44:21.691184,PV interconnect fault detected,Cleared,BE5,True
2025-08-26 13:07:24.953288,PV solder bond failure detected,Active,BE11,True
2025-08-27 04:25:03.081254,Rack structure fault detected,Cleared,BE15,True
2025-08-28 05:24:23.593020,PV shading detected,Active,BE9,True
2025-08-28 13:07:24.953288,PV solder bond failure detected,Cleared,BE11,True
2025-08-28 13:24:23.593020,PV shading detected,Cleared,BE9,False
2025-08-28 21:28:42.525067,PV solder bond failure detected,Active,BE11,True
2025-08-30 04:36:13.535894,Encapsulant fault detected,Active,BE16,True
2025-08-30 15:36:03.705583,PV cell breakage detected,Active,BE10,True
2025-08-30 21:28:42.525067,PV solder bond failure detected,Cleared,BE11,True
2025-08-31 03:44:30.344835,PV solder bond failure detected,Active,BE11,True
2025-09-01 04:36:13.535894,Encapsulant fault detected,Cleared,BE16,True
2025-09-01 05:45:03.310742,Diode fault detected,Active,BE13,True
2025-09-01 11:52:14.665407,Grounding system fault detected,Active,BE6,True
2025-09-01 15:36:03.705583,PV cell breakage detected,Cleared,BE10,True
2025-09-02 03:44:30.344835,PV solder bond failure detected,Cleared,BE11,True
2025-09-02 05:45:03.310742,Diode fault detected,Cleared,BE13,True
2025-09-02 11:52:14.665407,Grounding system fault detected,Cleared,BE6,False
2025-09-03 03:36:08.956606,PV interconnect fault detected,Active,BE5,True
2025-09-03 04:13:43.203692,PV cell breakage detected,Active,BE10,True
2025-09-03 22:04:24.557199,PV glass breakage detected,Active,BE7,True
2025-09-03 22:10:50.529346,PV shading detected,Active,BE9,True
2025-09-04 03:36:08.956606,PV interconnect fault detected,Cleared,BE5,True
2025-09-04 06:10:50.529346,PV shading detected,Cleared,BE9,True
2025-09-04 22:04:24.557199,PV glass breakage detected,Cleared,BE7,True
2025-09-05 04:13:43.203692,PV cell breakage detected,Cleared,BE10,False
2025-09-06 06:08:02.056492,MCB 1 fault detected,Active,BE3,False
2025-09-06 12:44:27.939800,Grounding system fault detected,Active,BE6,True
2025-09-06 16:08:02.056492,MCB 1 fault detected,Cleared,BE3,True
2025-09-07 12:44:27.939800,Grounding system fault detected,Cleared,BE6,False
2025-09-08 17:59:06.611878,PV shading detected,Active,BE9,True
2025-09-08 21:23:51.783374,PV interconnect fault detected,Active,BE5,True
2025-09-09 01:59:06.611878,PV shading detected,Cleared,BE9,True
2025-09-09 13:42:58.609368,PV solder bond failure detected,Active,BE11,True
2025-09-09 21:23:51.783374,PV interconnect fault detected,Cleared,BE5,True
2025-09-10 17:38:42.840301,Encapsulant fault detected,Active,BE16,True
2025-09-10 18:30:06.302836,PV interconnect fault detected,Active,BE5,True
2025-09-11 13:42:58.609368,PV solder bond failure detected,Cleared,BE11,True
2025-09-11 18:30:06.302836,PV interconnect fault detected,Cleared,BE5,True
2025-09-12 11:54:48.434270,PV shading detected,Active,BE9,True
2025-09-12 12:12:26.811746,Rack structure fault detected,Active,BE15,True
2025-09-12 17:38:42.840301,Encapsulant fault detected,Cleared,BE16,True
2025-09-12 19:54:48.434270,PV shading detected,Cleared,BE9,True
2025-09-13 16:21:40.551774,PV interconnect fault detected,Active,BE5,True
2025-09-14 11:32:38.906615,Encapsulant fault detected,Active,BE16,True
2025-09-14 12:12:26.811746,Rack structure fault detected,Cleared,BE15,True
2025-09-14 16:21:40.551774,PV interconnect fault detected,Cleared,BE5,True
2025-09-16 11:32:38.906615,Encapsulant fault detected,Cleared,BE16,False
2025-09-16 19:14:37.996176,PV soiling detected,Active,BE8,True
2025-09-16 22:23:59.971849,PV interconnect fault detected,Active,BE5,True
2025-09-17 03:14:37.996176,PV soiling detected,Cleared,BE8,True
2025-09-17 14:00:02.871775,PV shading detected,Active,BE9,True
2025-09-17 22:00:02.871775,PV shading detected,Cleared,BE9,True
2025-09-17 22:23:59.971849,PV interconnect fault detected,Cleared,BE5,False
2025-09-18 11:52:38.539496,PV cell breakage detected,Active,BE10,True
2025-09-19 14:21:02.515227,Encapsulant fault detected,Active,BE16,True
2025-09-20 11:52:38.539496,PV cell breakage detected,Cleared,BE10,True
2025-09-20 22:26:49.344232,Rack structure fault detected,Active,BE15,True
2025-09-21 14:21:02.515227,Encapsulant fault detected,Cleared,BE16,True
2025-09-21 15:17:51.349143,PV solder bond failure detected,Active,BE11,True
2025-09-22 22:26:49.344232,Rack structure fault detected,Cleared,BE15,True
2025-09-23 15:17:51.349143,PV solder bond failure detected,Cleared,BE11,False
2025-09-23 16:37:24.653936,PV interconnect fault detected,Active,BE5,True
2025-09-24 08:50:20.766984,PV cell breakage detected,Active,BE10,True
2025-09-24 16:37:24.653936,PV interconnect fault detected,Cleared,BE5,True
2025-09-24 22:23:11.618461,PV hot spot detected,Active,BE12,True
2025-09-25 00:11:36.534697,Grounding system fault detected,Active,BE6,True
2025-09-25 08:21:54.665287,PV interconnect fault detected,Active,BE5,True
2025-09-25 22:23:11.618461,PV hot spot detected,Cleared,BE12,True
2025-09-26 00:11:36.534697,Grounding system fault detected,Cleared,BE6,True
2025-09-26 06:27:25.611307,PV shading detected,Active,BE9,True
2025-09-26 08:21:54.665287,PV interconnect fault detected,Cleared,BE5,True
2025-09-26 08:50:20.766984,PV cell breakage detected,Cleared,BE10,True
2025-09-26 14:27:25.611307,PV shading detected,Cleared,BE9,False
2025-09-26 15:08:07.040564,PV interconnect fault detected,Active,BE5,True
2025-09-26 19:43:20.313615,Encapsulant fault detected,Active,BE16,True
2025-09-27 08:22:34.920344,PV solder bond failure detected,Active,BE11,True
2025-09-27 15:08:07.040564,PV interconnect fault detected,Cleared,BE5,True
2025-09-28 19:43:20.313615,Encapsulant fault detected,Cleared,BE16,True
2025-09-29 08:22:34.920344,PV solder bond failure detected,Cleared,BE11,False
2025-09-30 17:37:29.476418,PV shading detected,Active,BE9,True
2025-09-30 17:50:42.962872,PV cell breakage detected,Active,BE10,True
2025-10-01 01:37:29.476418,PV shading detected,Cleared,BE9,True
2025-10-01 05:29:07.779617,PV shading detected,Active,BE9,True
2025-10-01 13:29:07.779617,PV shading detected,Cleared,BE9,True
2025-10-02 17:50:42.962872,PV cell breakage detected,Cleared,BE10,False
2025-10-04 10:02:57.831076,Encapsulant fault detected,Active,BE16,True
2025-10-06 06:32:27.909447,PV shading detected,Active,BE9,True
2025-10-06 08:03:28.227787,PV solder bond failure detected,Active,BE11,True
2025-10-06 10:02:57.831076,Encapsulant fault detected,Cleared,BE16,True
2025-10-06 14:32:27.909447,PV shading detected,Cleared,BE9,True
2025-10-07 17:55:06.471160,PV interconnect fault detected,Active,BE5,True
2025-10-07 21:57:05.191344,PV cell breakage detected,Active,BE10,True
2025-10-08 08:03:28.227787,PV solder bond failure detected,Cleared,BE11,True
2025-10-08 17:55:06.471160,PV interconnect fault detected,Cleared,BE5,True
2025-10-08 20:53:45.839495,PV interconnect fault detected,Active,BE5,True
2025-10-09 20:53:45.839495,PV interconnect fault detected,Cleared,BE5,True
2025-10-09 21:57:05.191344,PV cell breakage detected,Cleared,BE10,False
2025-10-10 10:57:33.389834,PV shading detected,Active,BE9,True
2025-10-10 12:50:37.168210,PV solder bond failure detected,Active,BE11,True
2025-10-10 18:57:33.389834,PV shading detected,Cleared,BE9,True
2025-10-12 12:50:37.168210,PV solder bond failure detected,Cleared,BE11,False
2025-10-13 08:47:01.343290,PV cell breakage detected,Active,BE10,True
2025-10-13 22:33:50.229358,MCB 1 fault detected,Active,BE3,True
2025-10-14 05:33:26.922436,PV solder bond failure detected,Active,BE11,True
2025-10-14 06:26:33.704235,PV shading detected,Active,BE9,True
2025-10-14 08:33:50.229358,MCB 1 fault detected,Cleared,BE3,True
2025-10-14 14:26:33.704235,PV shading detected,Cleared,BE9,True
2025-10-15 02:45:52.662192,Grounding system fault detected,Active,BE6,True
2025-10-15 08:47:01.343290,PV cell breakage detected,Cleared,BE10,True
2025-10-16 02:45:52.662192,Grounding system fault detected,Cleared,BE6,True
2025-10-16 04:22:57.312037,PV cell breakage detected,Active,BE10,True
2025-10-16 05:33:26.922436,PV solder bond failure detected,Cleared,BE11,True
2025-10-16 23:27:00.541716,Rack structure fault detected,Active,BE15,True
2025-10-16 23:54:55.887029,PV interconnect fault detected,Active,BE5,True
2025-10-17 23:54:55.887029,PV interconnect fault detected,Cleared,BE5,True
2025-10-18 04:22:57.312037,PV cell breakage detected,Cleared,BE10,True
2025-10-18 08:43:28.144083,PV shading detected,Active,BE9,True
2025-10-18 16:43:28.144083,PV shading detected,Cleared,BE9,True
2025-10-18 21:53:31.281003,PV solder bond failure detected,Active,BE11,True
2025-10-18 23:27:00.541716,Rack structure fault detected,Cleared,BE15,True
2025-10-20 04:33:25.735357,PV interconnect fault detected,Active,BE5,True
2025-10-20 15:15:32.661382,PV shading detected,Active,BE9,True
2025-10-20 21:53:31.281003,PV solder bond failure detected,Cleared,BE11,True
2025-10-20 23:15:32.661382,PV shading detected,Cleared,BE9,True
2025-10-20 23:53:47.604835,PV shading detected,Active,BE9,True
2025-10-21 01:18:27.398589,Rack structure fault detected,Active,BE15,True
2025-10-21 04:33:25.735357,PV interconnect fault detected,Cleared,BE5,True
2025-10-21 05:13:37.709157,PV interconnect fault detected,Active,BE5,True
2025-10-21 07:53:47.604835,PV shading detected,Cleared,BE9,True
2025-10-22 05:13:37.709157,PV interconnect fault detected,Cleared,BE5,True
2025-10-22 16:48:29.053273,PV interconnect fault detected,Active,BE5,True
2025-10-23 01:18:27.398589,Rack structure fault detected,Cleared,BE15,True
2025-10-23 02:05:47.024968,Cable aging fault detected,Active,BE18,True
2025-10-23 06:05:47.024968,Cable aging fault detected,Cleared,BE18,True
2025-10-23 06:50:31.735111,PV solder bond failure detected,Active,BE11,True
2025-10-23 10:56:12.825784,PV hot spot detected,Active,BE12,True
2025-10-23 16:48:29.053273,PV interconnect fault detected,Cleared,BE5,True
2025-10-23 22:46:58.971475,PV interconnect fault detected,Active,BE5,True
2025-10-24 10:56:12.825784,PV hot spot detected,Cleared,BE12,True
2025-10-24 15:37:37.388901,MCB 1 fault detected,Active,BE3,True
2025-10-24 22:46:58.971475,PV interconnect fault detected,Cleared,BE5,True
2025-10-25 01:37:37.388901,MCB 1 fault detected,Cleared,BE3,True
2025-10-25 06:50:31.735111,PV solder bond failure detected,Cleared,BE11,False
2025-10-26 06:02:39.854912,Encapsulant fault detected,Active,BE16,True
2025-10-27 18:06:31.541550,PV solder bond failure detected,Active,BE11,True
2025-10-28 00:23:10.006392,PV interconnect fault detected,Active,BE5,True
2025-10-28 06:02:39.854912,Encapsulant fault detected,Cleared,BE16,True
2025-10-29 00:23:10.006392,PV interconnect fault detected,Cleared,BE5,True
2025-10-29 11:14:47.975707,PV cell breakage detected,Active,BE10,True
2025-10-29 14:18:44.943561,Grounding system fault detected,Active,BE6,True
2025-10-29 18:06:31.541550,PV solder bond failure detected,Cleared,BE11,True
2025-10-30 14:18:44.943561,Grounding system fault detected,Cleared,BE6,True
2025-10-31 09:29:13.809171,Rack structure fault detected,Active,BE15,True
2025-10-31 11:14:47.975707,PV cell breakage detected,Cleared,BE10,True
2025-10-31 19:10:58.387572,PV solder bond failure detected,Active,BE11,True
2025-11-01 07:43:34.456850,PV shading detected,Active,BE9,True
2025-11-01 15:43:34.456850,PV shading detected,Cleared,BE9,True
2025-11-02 09:29:13.809171,Rack structure fault detected,Cleared,BE15,True
2025-11-02 19:10:58.387572,PV solder bond failure detected,Cleared,BE11,False
2025-11-02 20:38:45.451852,Encapsulant fault detected,Active,BE16,True
2025-11-03 11:57:04.189283,Rack structure fault detected,Active,BE15,True
2025-11-03 16:24:57.370383,PV solder bond failure detected,Active,BE11,True
2025-11-03 21:02:10.874289,PV cell breakage detected,Active,BE10,True
2025-11-04 20:38:45.451852,Encapsulant fault detected,Cleared,BE16,True
2025-11-05 11:57:04.189283,Rack structure fault detected,Cleared,BE15,True
2025-11-05 16:24:57.370383,PV solder bond failure detected,Cleared,BE11,True
2025-11-05 21:02:10.874289,PV cell breakage detected,Cleared,BE10,False
2025-11-05 21:52:26.249862,Rack structure fault detected,Active,BE15,True
2025-11-06 17:17:34.717649,MCB 2 fault detected,Active,BE4,True
2025-11-07 03:17:34.717649,MCB 2 fault detected,Cleared,BE4,True
2025-11-07 16:49:13.396734,Grounding system fault detected,Active,BE6,True
2025-11-07 21:52:26.249862,Rack structure fault detected,Cleared,BE15,True
2025-11-07 22:58:12.860253,PV solder bond failure detected,Active,BE11,True
2025-11-08 06:19:12.641960,PV cell breakage detected,Active,BE10,True
2025-11-08 16:49:13.396734,Grounding system fault detected,Cleared,BE6,True
2025-11-08 23:03:13.161179,Encapsulant fault detected,Active,BE16,True
2025-11-09 22:58:12.860253,PV solder bond failure detected,Cleared,BE11,True
2025-11-10 06:19:12.641960,PV cell breakage detected,Cleared,BE10,True
2025-11-10 23:03:13.161179,Encapsulant fault detected,Cleared,BE16,False
2025-11-11 02:30:53.795713,PV interconnect fault detected,Active,BE5,True
2025-11-11 17:39:38.942396,Short/open circuit fault detected,Active,BE14,True
2025-11-12 00:19:11.657295,PV solder bond failure detected,Active,BE11,True
2025-11-12 02:30:53.795713,PV interconnect fault detected,Cleared,BE5,True
2025-11-12 05:39:38.942396,Short/open circuit fault detected,Cleared,BE14,True
2025-11-13 08:14:00.479644,Grounding system fault detected,Active,BE6,True
2025-11-14 00:19:11.657295,PV solder bond failure detected,Cleared,BE11,True
2025-11-14 02:53:35.653075,PV cell breakage detected,Active,BE10,True
2025-11-14 08:14:00.479644,Grounding system fault detected,Cleared,BE6,True
2025-11-15 16:58:52.133019,PV shading detected,Active,BE9,True
2025-11-16 00:58:52.133019,PV shading detected,Cleared,BE9,True
2025-11-16 02:53:35.653075,PV cell breakage detected,Cleared,BE10,False
2025-11-16 16:46:02.542499,PV interconnect fault detected,Active,BE5,True
2025-11-17 16:46:02.542499,PV interconnect fault detected,Cleared,BE5,False
2025-11-21 04:38:49.423409,PV solder bond failure detected,Active,BE11,True
2025-11-22 12:46:51.285011,Encapsulant fault detected,Active,BE16,True
2025-11-22 14:05:03.406252,PV interconnect fault detected,Active,BE5,True
2025-11-22 20:37:44.026614,PV shading detected,Active,BE9,True
2025-11-23 04:37:24.658573,Rack structure fault detected,Active,BE15,True
2025-11-23 04:37:44.026614,PV shading detected,Cleared,BE9,True
2025-11-23 04:38:49.423409,PV solder bond failure detected,Cleared,BE11,True
2025-11-23 08:59:01.004251,PV solder bond failure detected,Active,BE11,True
2025-11-23 11:49:14.002492,PV shading detected,Active,BE9,True
2025-11-23 14:05:03.406252,PV interconnect fault detected,Cleared,BE5,True
2025-11-23 19:49:14.002492,PV shading detected,Cleared,BE9,True
2025-11-24 00:13:00.630341,MCB 1 fault detected,Active,BE3,True
2025-11-24 10:13:00.630341,MCB 1 fault detected,Cleared,BE3,True
2025-11-24 12:46:51.285011,Encapsulant fault detected,Cleared,BE16,True
2025-11-25 04:37:24.658573,Rack structure fault detected,Cleared,BE15,True
2025-11-25 08:59:01.004251,PV solder bond failure detected,Cleared,BE11,False
2025-11-26 01:57:09.929183,PV solder bond failure detected,Active,BE11,True
2025-11-26 10:04:34.511895,PV interconnect fault detected,Active,BE5,True
2025-11-26 15:26:23.790549,MCB 1 fault detected,Active,BE3,True
2025-11-27 00:48:44.785085,Fuse installation fault detected,Active,BE2,True
2025-11-27 01:26:23.790549,MCB 1 fault detected,Cleared,BE3,True
2025-11-27 04:48:44.785085,Fuse installation fault detected,Cleared,BE2,True
2025-11-27 10:04:34.511895,PV interconnect fault detected,Cleared,BE5,True
2025-11-28 01:57:09.929183,PV solder bond failure detected,Cleared,BE11,False
2025-11-28 07:02:57.389708,Grounding system fault detected,Active,BE6,True
2025-11-29 03:49:21.706095,PV solder bond failure detected,Active,BE11,True
2025-11-29 07:02:57.389708,Grounding system fault detected,Cleared,BE6,True
2025-11-29 07:17:00.250495,Encapsulant fault detected,Active,BE16,True
2025-12-01 03:49:21.706095,PV solder bond failure detected,Cleared,BE11,True
2025-12-01 07:17:00.250495,Encapsulant fault detected,Cleared,BE16,False
2025-12-02 12:56:06.333808,PV solder bond failure detected,Active,BE11,True
2025-12-02 16:10:53.979212,PV cell breakage detected,Active,BE10,True
2025-12-02 18:11:43.707910,PV shading detected,Active,BE9,True
2025-12-03 02:11:43.707910,PV shading detected,Cleared,BE9,True
2025-12-03 03:03:21.092897,PV interconnect fault detected,Active,BE5,True
2025-12-04 03:03:21.092897,PV interconnect fault detected,Cleared,BE5,True
2025-12-04 12:56:06.333808,PV solder bond failure detected,Cleared,BE11,True
2025-12-04 16:10:53.979212,PV cell breakage detected,Cleared,BE10,False
2025-12-05 16:12:02.495215,PV cell breakage detected,Active,BE10,True
2025-12-05 17:09:43.743117,PV interconnect fault detected,Active,BE5,True
2025-12-06 05:13:32.821016,PV solder bond failure detected,Active,BE11,True
2025-12-06 14:54:42.846773,Grounding system fault detected,Active,BE6,True
2025-12-06 17:09:43.743117,PV interconnect fault detected,Cleared,BE5,True
2025-12-07 14:54:42.846773,Grounding system fault detected,Cleared,BE6,True
2025-12-07 16:12:02.495215,PV cell breakage detected,Cleared,BE10,True
2025-12-08 05:13:32.821016,PV solder bond failure detected,Cleared,BE11,False
2025-12-08 23:59:16.267249,PV solder bond failure detected,Active,BE11,True
2025-12-09 02:26:58.093163,Rack structure fault detected,Active,BE15,True
2025-12-09 10:52:25.679603,Grounding system fault detected,Active,BE6,True
2025-12-09 17:58:11.761282,Cable aging fault detected,Active,BE18,True
2025-12-09 21:58:11.761282,Cable aging fault detected,Cleared,BE18,True
2025-12-10 01:04:44.933161,PV interconnect fault detected,Active,BE5,True
2025-12-10 10:52:25.679603,Grounding system fault detected,Cleared,BE6,True
2025-12-10 23:59:16.267249,PV solder bond failure detected,Cleared,BE11,True
2025-12-11 01:04:44.933161,PV interconnect fault detected,Cleared,BE5,True
2025-12-11 02:26:58.093163,Rack structure fault detected,Cleared,BE15,False
2025-12-11 16:50:57.905101,PV solder bond failure detected,Active,BE11,True
2025-12-12 03:33:17.282942,PV interconnect fault detected,Active,BE5,True
2025-12-12 11:29:53.351018,PV cell breakage detected,Active,BE10,True
2025-12-12 20:29:38.725912,PV soiling detected,Active,BE8,True
2025-12-13 03:33:17.282942,PV interconnect fault detected,Cleared,BE5,True
2025-12-13 04:29:38.725912,PV soiling detected,Cleared,BE8,True
2025-12-13 16:50:57.905101,PV solder bond failure detected,Cleared,BE11,True
2025-12-14 11:29:53.351018,PV cell breakage detected,Cleared,BE10,False
2025-12-14 13:52:21.919461,Encapsulant fault detected,Active,BE16,True
2025-12-15 01:37:52.245519,PV cell breakage detected,Active,BE10,True
2025-12-15 19:20:54.864819,PV interconnect fault detected,Active,BE5,True
2025-12-16 02:49:43.917974,Grounding system fault detected,Active,BE6,True
2025-12-16 13:52:21.919461,Encapsulant fault detected,Cleared,BE16,True
2025-12-16 18:45:26.311510,Rack structure fault detected,Active,BE15,True
2025-12-16 19:20:54.864819,PV interconnect fault detected,Cleared,BE5,True
2025-12-17 01:37:52.245519,PV cell breakage detected,Cleared,BE10,True
2025-12-17 02:49:43.917974,Grounding system fault detected,Cleared,BE6,True
2025-12-17 06:48:25.438145,Grounding system fault detected,Active,BE6,True
2025-12-18 06:48:25.438145,Grounding system fault detected,Cleared,BE6,True
2025-12-18 09:06:38.115478,PV interconnect fault detected,Active,BE5,True
2025-12-18 18:45:26.311510,Rack structure fault detected,Cleared,BE15,True
2025-12-19 09:06:38.115478,PV interconnect fault detected,Cleared,BE5,False
2025-12-20 01:10:23.938176,Rack structure fault detected,Active,BE15,True
2025-12-20 08:54:19.158013,PV interconnect fault detected,Active,BE5,True
2025-12-20 16:00:12.237425,PV shading detected,Active,BE9,True
2025-12-21 00:00:12.237425,PV shading detected,Cleared,BE9,True
2025-12-21 08:54:19.158013,PV interconnect fault detected,Cleared,BE5,True
2025-12-21 19:58:28.940704,Encapsulant fault detected,Active,BE16,True
2025-12-22 01:10:23.938176,Rack structure fault detected,Cleared,BE15,True
2025-12-23 03:03:11.374126,Grounding system fault detected,Active,BE6,True
2025-12-23 11:41:04.978033,Fuse installation fault detected,Active,BE2,True
2025-12-23 15:41:04.978033,Fuse installation fault detected,Cleared,BE2,True
2025-12-23 19:54:06.175533,PV solder bond failure detected,Active,BE11,True
2025-12-23 19:58:28.940704,Encapsulant fault detected,Cleared,BE16,True
2025-12-23 20:22:39.197062,PV cell breakage detected,Active,BE10,True
2025-12-24 03:03:11.374126,Grounding system fault detected,Cleared,BE6,True
2025-12-24 19:40:27.354151,Rack structure fault detected,Active,BE15,True
2025-12-25 19:54:06.175533,PV solder bond failure detected,Cleared,BE11,True
2025-12-25 20:22:39.197062,PV cell breakage detected,Cleared,BE10,True
2025-12-26 19:40:27.354151,Rack structure fault detected,Cleared,BE15,False
2025-12-27 05:03:09.070442,Encapsulant fault detected,Active,BE16,True
2025-12-27 09:56:22.125332,PV interconnect fault detected,Active,BE5,True
2025-12-27 12:51:43.621864,Rack structure fault detected,Active,BE15,True
2025-12-28 06:44:21.016522,PV shading detected,Active,BE9,True
2025-12-28 09:56:22.125332,PV interconnect fault detected,Cleared,BE5,True
2025-12-28 14:44:21.016522,PV shading detected,Cleared,BE9,True
2025-12-29 05:03:09.070442,Encapsulant fault detected,Cleared,BE16,True
2025-12-29 08:02:48.604012,PV cell breakage detected,Active,BE10,True
2025-12-29 12:51:43.621864,Rack structure fault detected,Cleared,BE15,True
2025-12-29 20:10:24.197652,PV interconnect fault detected,Active,BE5,True
2025-12-30 20:10:24.197652,PV interconnect fault detected,Cleared,BE5,True
2025-12-31 08:02:48.604012,PV cell breakage detected,Cleared,BE10,False
2026-01-01 01:55:45.743094,PV cell breakage detected,Active,BE10,True
2026-01-01 21:57:59.959801,PV interconnect fault detected,Active,BE5,True
2026-01-02 21:57:59.959801,PV interconnect fault detected,Cleared,BE5,True
2026-01-03 01:55:45.743094,PV cell breakage detected,Cleared,BE10,False
2026-01-04 07:03:42.811653,PV interconnect fault detected,Active,BE5,True
2026-01-04 17:22:07.244487,PV cell breakage detected,Active,BE10,True
2026-01-05 07:03:42.811653,PV interconnect fault detected,Cleared,BE5,True
2026-01-05 08:29:24.026825,PV interconnect fault detected,Active,BE5,True
2026-01-05 19:55:09.925329,PV shading detected,Active,BE9,True
2026-01-06 03:55:09.925329,PV shading detected,Cleared,BE9,True
2026-01-06 08:29:24.026825,PV interconnect fault detected,Cleared,BE5,True
2026-01-06 16:09:30.183572,PV shading detected,Active,BE9,True
2026-01-06 17:22:07.244487,PV cell breakage detected,Cleared,BE10,True
2026-01-07 00:09:30.183572,PV shading detected,Cleared,BE9,False
2026-01-07 00:14:49.932516,PV solder bond failure detected,Active,BE11,True
2026-01-07 17:28:57.218817,PV cell breakage detected,Active,BE10,True
2026-01-09 00:14:49.932516,PV solder bond failure detected,Cleared,BE11,True
2026-01-09 04:16:23.499857,Encapsulant fault detected,Active,BE16,True
2026-01-09 13:10:29.075637,PV shading detected,Active,BE9,True
2026-01-09 17:28:57.218817,PV cell breakage detected,Cleared,BE10,True
2026-01-09 21:10:29.075637,PV shading detected,Cleared,BE9,True
2026-01-10 05:37:23.808087,PV shading detected,Active,BE9,True
2026-01-10 13:37:23.808087,PV shading detected,Cleared,BE9,True
2026-01-11 02:34:29.983359,PV interconnect fault detected,Active,BE5,True
2026-01-11 04:16:23.499857,Encapsulant fault detected,Cleared,BE16,True
2026-01-12 02:34:29.983359,PV interconnect fault detected,Cleared,BE5,False
2026-01-12 21:02:49.192392,Encapsulant fault detected,Active,BE16,True
2026-01-12 23:50:44.070519,Rack structure fault detected,Active,BE15,True
2026-01-13 09:48:52.574023,PV shading detected,Active,BE9,True
2026-01-13 17:48:52.574023,PV shading detected,Cleared,BE9,True
2026-01-14 00:54:38.710737,PV solder bond failure detected,Active,BE11,True
2026-01-14 03:59:07.029572,PV shading detected,Active,BE9,True
2026-01-14 10:32:27.032525,PV soiling detected,Active,BE8,True
2026-01-14 11:59:07.029572,PV shading detected,Cleared,BE9,True
2026-01-14 18:32:27.032525,PV soiling detected,Cleared,BE8,True
2026-01-14 21:02:49.192392,Encapsulant fault detected,Cleared,BE16,True
2026-01-14 23:50:44.070519,Rack structure fault detected,Cleared,BE15,True
2026-01-15 10:18:33.965994,Rack structure fault detected,Active,BE15,True
2026-01-16 00:54:38.710737,PV solder bond failure detected,Cleared,BE11,True
2026-01-16 09:29:12.769953,Encapsulant fault detected,Active,BE16,True
2026-01-17 02:48:42.342521,PV hot spot detected,Active,BE12,True
2026-01-17 10:18:33.965994,Rack structure fault detected,Cleared,BE15,True
2026-01-17 12:56:56.906605,Diode fault detected,Active,BE13,True
2026-01-18 02:48:42.342521,PV hot spot detected,Cleared,BE12,True
2026-01-18 09:29:12.769953,Encapsulant fault detected,Cleared,BE16,True
2026-01-18 10:57:29.124945,PV solder bond failure detected,Active,BE11,True
2026-01-18 12:56:56.906605,Diode fault detected,Cleared,BE13,True
2026-01-18 13:20:57.148308,PV interconnect fault detected,Active,BE5,True
2026-01-18 13:54:08.951812,Rack structure fault detected,Active,BE15,True
2026-01-19 13:20:57.148308,PV interconnect fault detected,Cleared,BE5,True
2026-01-20 10:57:29.124945,PV solder bond failure detected,Cleared,BE11,True
2026-01-20 13:54:08.951812,Rack structure fault detected,Cleared,BE15,False
2026-01-21 00:49:34.009519,Encapsulant fault detected,Active,BE16,True
2026-01-22 10:17:22.474388,PV cell breakage detected,Active,BE10,True
2026-01-23 00:49:34.009519,Encapsulant fault detected,Cleared,BE16,True
2026-01-23 10:59:54.013147,PV interconnect fault detected,Active,BE5,True
2026-01-24 10:17:22.474388,PV cell breakage detected,Cleared,BE10,True
2026-01-24 10:59:54.013147,PV interconnect fault detected,Cleared,BE5,False
2026-01-24 19:12:31.092796,PV cell breakage detected,Active,BE10,True
2026-01-24 20:43:42.115729,PV solder bond failure detected,Active,BE11,True
2026-01-25 19:41:38.852624,Rack structure fault detected,Active,BE15,True
2026-01-26 16:17:06.725177,Encapsulant fault detected,Active,BE16,True
2026-01-26 19:12:31.092796,PV cell breakage detected,Cleared,BE10,True
2026-01-26 20:43:42.115729,PV solder bond failure detected,Cleared,BE11,True
2026-01-27 19:41:38.852624,Rack structure fault detected,Cleared,BE15,True
2026-01-28 16:17:06.725177,Encapsulant fault detected,Cleared,BE16,False
2026-01-29 17:28:04.798164,PV cell breakage detected,Active,BE10,True
2026-01-29 19:08:17.622944,Encapsulant fault detected,Active,BE16,True
2026-01-30 00:58:46.037863,PV solder bond failure detected,Active,BE11,True
2026-01-30 02:31:42.075916,Cable aging fault detected,Active,BE18,True
2026-01-30 06:31:42.075916,Cable aging fault detected,Cleared,BE18,True
2026-01-31 17:28:04.798164,PV cell breakage detected,Cleared,BE10,True
2026-01-31 19:08:17.622944,Encapsulant fault detected,Cleared,BE16,True
2026-02-01 00:58:46.037863,PV solder bond failure detected,Cleared,BE11,False
2026-02-02 02:50:45.096010,PV cell breakage detected,Active,BE10,True
2026-02-02 18:15:24.013195,PV interconnect fault detected,Active,BE5,True
2026-02-02 23:01:49.834093,PV solder bond failure detected,Active,BE11,True
2026-02-03 18:15:24.013195,PV interconnect fault detected,Cleared,BE5,True
2026-02-04 02:50:45.096010,PV cell breakage detected,Cleared,BE10,True
2026-02-04 23:01:49.834093,PV solder bond failure detected,Cleared,BE11,False
2026-02-05 03:01:54.992008,PV interconnect fault detected,Active,BE5,True
2026-02-05 11:35:23.217410,Grounding system fault detected,Active,BE6,True
2026-02-05 14:10:30.538258,Encapsulant fault detected,Active,BE16,True
2026-02-05 16:19:14.237019,PV solder bond failure detected,Active,BE11,True
2026-02-06 03:01:54.992008,PV interconnect fault detected,Cleared,BE5,True
2026-02-06 11:35:23.217410,Grounding system fault detected,Cleared,BE6,True
2026-02-07 07:17:24.382301,PV shading detected,Active,BE9,True
2026-02-07 07:58:24.773287,PV cell breakage detected,Active,BE10,True
2026-02-07 14:10:30.538258,Encapsulant fault detected,Cleared,BE16,True
2026-02-07 15:17:24.382301,PV shading detected,Cleared,BE9,True
2026-02-07 16:19:14.237019,PV solder bond failure detected,Cleared,BE11,True
2026-02-08 16:18:21.803802,Encapsulant fault detected,Active,BE16,True
2026-02-09 03:12:25.737377,Rack structure fault detected,Active,BE15,True
2026-02-09 07:58:24.773287,PV cell breakage detected,Cleared,BE10,True
2026-02-09 09:57:24.030862,PV shading detected,Active,BE9,True
2026-02-09 17:57:24.030862,PV shading detected,Cleared,BE9,True
2026-02-10 16:18:21.803802,Encapsulant fault detected,Cleared,BE16,True
2026-02-11 03:12:25.737377,Rack structure fault detected,Cleared,BE15,False
2026-02-13 06:22:15.537181,PV hot spot detected,Active,BE12,True
2026-02-13 14:35:29.551898,Encapsulant fault detected,Active,BE16,True
2026-02-14 06:22:15.537181,PV hot spot detected,Cleared,BE12,True
2026-02-14 12:47:29.157552,Rack structure fault detected,Active,BE15,True
2026-02-14 17:23:12.838684,PV interconnect fault detected,Active,BE5,True
2026-02-15 00:14:25.865949,PV solder bond failure detected,Active,BE11,True
2026-02-15 14:35:29.551898,Encapsulant fault detected,Cleared,BE16,True
2026-02-15 17:23:12.838684,PV interconnect fault detected,Cleared,BE5,True
2026-02-16 12:47:29.157552,Rack structure fault detected,Cleared,BE15,True
2026-02-16 16:05:48.756221,PV cell breakage detected,Active,BE10,True
2026-02-16 21:06:14.296505,PV soiling detected,Active,BE8,True
2026-02-16 21:16:21.422295,PV interconnect fault detected,Active,BE5,True
2026-02-17 00:14:25.865949,PV solder bond failure detected,Cleared,BE11,True
2026-02-17 05:06:14.296505,PV soiling detected,Cleared,BE8,True
2026-02-17 21:16:21.422295,PV interconnect fault detected,Cleared,BE5,True
2026-02-18 16:05:48.756221,PV cell breakage detected,Cleared,BE10,False
2026-02-19 17:18:48.779541,PV cell breakage detected,Active,BE10,True
2026-02-20 06:43:55.443161,Rack structure fault detected,Active,BE15,True
2026-02-20 09:19:05.831597,PV interconnect fault detected,Active,BE5,True
2026-02-21 00:22:01.100351,Encapsulant fault detected,Active,BE16,True
2026-02-21 09:19:05.831597,PV interconnect fault detected,Cleared,BE5,True
